{"Event": {"Tag": [{"colour": "#ffffff", "name": "tlp:white"}, {"colour": "#ff00ff", "name": "d4-crypto-feed"}], "Object": [{"name": "crypto-material", "meta-category": "misc", "template_uuid": "50677f82-ec9c-4484-bb29-2519cfe56823", "description": "Cryptographic materials such as public or/and private keys.", "template_version": "3", "uuid": "0b110497-7b04-47f6-861d-14bb778122ac", "Attribute": [{"uuid": "69c3fcce-d9f8-438e-af41-95ce92d52492", "object_relation": "p", "value": "91265805169445049454499935873656927820725599801769264727610672131731958859957", "type": "text", "disable_correlation": false, "to_ids": false, "category": "Other", "timestamp": "1574855865"}, {"uuid": "b593f9ee-3d4f-41fe-b5dd-1c8b8ef24973", "object_relation": "n", "value": "8912695905435478892480323809771594757737187234725769116937759545093915545907266726611074329344247924946865434476391997369275484866220921048834662823551109", "type": "text", "disable_correlation": true, "to_ids": false, "category": "Other", "timestamp": "1574855865"}, {"uuid": "11754851-414c-41b9-a447-0a86338ac4dc", "object_relation": "rsa-modulus-size", "value": "512", "type": "text", "disable_correlation": true, "to_ids": false, "category": "Other", "timestamp": "1574855865"}, {"uuid": "14e74ea7-e91f-42c3-ae30-119d59dae76d", "object_relation": "type", "value": "RSA", "type": "text", "disable_correlation": true, "to_ids": false, "category": "Other", "timestamp": "1574855865"}], "distribution": "5", "sharing_group_id": "0"}, {"name": "x509", "meta-category": "network", "template_uuid": "d1ab756a-26b5-4349-9f43-765630f0911c", "description": "x509 object describing a X.509 certificate", "template_version": "11", "uuid": "119685b6-304a-4769-bd5e-7bf783588585", "ObjectReference": [{"object_uuid": "119685b6-304a-4769-bd5e-7bf783588585", "referenced_uuid": "0b110497-7b04-47f6-861d-14bb778122ac", "relationship_type": "uses"}], "Attribute": [{"uuid": "40057609-ff0f-4251-b102-c895d93ccb3c", "object_relation": "x509-fingerprint-sha1", "value": "8af54d8b1f6a7bed3c38fcf0663c635cb3e9137d", "type": "x509-fingerprint-sha1", "disable_correlation": false, "to_ids": true, "category": "Network activity", "timestamp": "1574855866"}, {"uuid": "7c232a87-fb77-405c-9a79-7ab8f724ff27", "object_relation": "subject", "value": "CN=SMB,O=TPLINK,L=SZ,ST=GZ,C=CN", "type": "text", "disable_correlation": false, "to_ids": false, "category": "Other", "timestamp": "1574855866"}, {"uuid": "929b5a51-74bc-495c-939f-004c6d472fb0", "object_relation": "issuer", "value": "CN=SMB,O=TPLINK,L=SZ,ST=GZ,C=CN", "type": "text", "disable_correlation": true, "to_ids": false, "category": "Other", "timestamp": "1574855866"}], "distribution": "5", "sharing_group_id": "0"}], "info": "Snake-Oil-Crypto Daily output 2019-11-27", "threat_level_id": "3", "analysis": "0", "published": false, "date": "2019-11-27", "id": "569", "uuid": "05434f48-82c8-4ccb-a100-81cb088c77f0", "Orgc": {"name": "Snake-Oil-Organization", "uuid": "5d0bbcf9-3cd4-4d09-8a0c-5a3206b9c121"}}}