{"Event": {"Tag": [{"colour": "#ffffff", "name": "tlp:white"}, {"colour": "#ff00ff", "name": "d4-crypto-feed"}], "Object": [{"name": "crypto-material", "meta-category": "misc", "template_uuid": "50677f82-ec9c-4484-bb29-2519cfe56823", "description": "Cryptographic materials such as public or/and private keys.", "template_version": "3", "uuid": "baa21442-5270-4497-b96f-3b0a523b53af", "Attribute": [{"uuid": "3ed8de53-de76-4fe2-8ff6-efa008c07d7b", "object_relation": "p", "value": "98615608765985768792892710035291157799725865687091560455537989468236498491513", "type": "text", "disable_correlation": false, "to_ids": false, "category": "Other", "timestamp": "1574855840"}, {"uuid": "8f9e2fb0-a75a-42a7-88bb-bd492cda201c", "object_relation": "n", "value": "9258273299392386041801960470259034756096583641142634074625870829668521425852346604821864864921946182235415387407793364603861429724862153819912527406950587", "type": "text", "disable_correlation": true, "to_ids": false, "category": "Other", "timestamp": "1574855840"}, {"uuid": "03bf1142-c467-46b9-b1f1-8fc2980e5bf0", "object_relation": "rsa-modulus-size", "value": "512", "type": "text", "disable_correlation": true, "to_ids": false, "category": "Other", "timestamp": "1574855840"}, {"uuid": "44f455b0-f2cd-416c-a4af-b1b36081aea7", "object_relation": "type", "value": "RSA", "type": "text", "disable_correlation": true, "to_ids": false, "category": "Other", "timestamp": "1574855840"}], "distribution": "5", "sharing_group_id": "0"}, {"name": "x509", "meta-category": "network", "template_uuid": "d1ab756a-26b5-4349-9f43-765630f0911c", "description": "x509 object describing a X.509 certificate", "template_version": "11", "uuid": "c529370b-a73a-49dd-9ca0-62521c6c11cf", "ObjectReference": [{"object_uuid": "c529370b-a73a-49dd-9ca0-62521c6c11cf", "referenced_uuid": "baa21442-5270-4497-b96f-3b0a523b53af", "relationship_type": "uses"}], "Attribute": [{"uuid": "8492d2df-fe85-40d2-a99c-a3c22048eeb6", "object_relation": "x509-fingerprint-sha1", "value": "8ade45111bc8510e1baa59b3f1f04ddf904b8c17", "type": "x509-fingerprint-sha1", "disable_correlation": false, "to_ids": true, "category": "Network activity", "timestamp": "1574855841"}, {"uuid": "c68cf275-6192-43f7-ab3f-77a245532e44", "object_relation": "subject", "value": "CN=SMB,O=TPLINK,L=SZ,ST=GZ,C=CN", "type": "text", "disable_correlation": false, "to_ids": false, "category": "Other", "timestamp": "1574855841"}, {"uuid": "3ee9bb1d-b60c-4867-a4c8-a7311203708b", "object_relation": "issuer", "value": "CN=SMB,O=TPLINK,L=SZ,ST=GZ,C=CN", "type": "text", "disable_correlation": true, "to_ids": false, "category": "Other", "timestamp": "1574855841"}], "distribution": "5", "sharing_group_id": "0"}], "info": "Snake-Oil-Crypto Daily output 2019-11-27", "threat_level_id": "3", "analysis": "0", "published": false, "date": "2019-11-27", "id": "538", "uuid": "08e76fbf-18ec-41f9-826f-039d76a8501f", "Orgc": {"name": "Snake-Oil-Organization", "uuid": "5d0bbcf9-3cd4-4d09-8a0c-5a3206b9c121"}}}