{"Event": {"Tag": [{"colour": "#ffffff", "name": "tlp:white"}, {"colour": "#ff00ff", "name": "d4-crypto-feed"}], "Object": [{"name": "crypto-material", "meta-category": "misc", "template_uuid": "50677f82-ec9c-4484-bb29-2519cfe56823", "description": "Cryptographic materials such as public or/and private keys.", "template_version": "3", "uuid": "0c05165f-c9b2-4ff5-8436-b61c9a9d5b37", "Attribute": [{"uuid": "c5a5d271-c255-4e98-b693-068f8eadc8dd", "object_relation": "p", "value": "91267687622193202587704592086191922528305789328602297721316080655613146532529", "type": "text", "disable_correlation": false, "to_ids": false, "category": "Other", "timestamp": "1574856164"}, {"uuid": "99473937-a7b7-41e9-b74d-ba28c3b5175c", "object_relation": "n", "value": "9659919750960637366086262310762708935344264126769444740224372012585114487255151075706971081758820723413441920900752556085211702074196935286166590801942201", "type": "text", "disable_correlation": true, "to_ids": false, "category": "Other", "timestamp": "1574856164"}, {"uuid": "bdbe916c-7c16-48dc-9796-36d3fa10ac53", "object_relation": "rsa-modulus-size", "value": "512", "type": "text", "disable_correlation": true, "to_ids": false, "category": "Other", "timestamp": "1574856164"}, {"uuid": "08ffdb60-3f99-422d-90f5-26996d05e4c5", "object_relation": "type", "value": "RSA", "type": "text", "disable_correlation": true, "to_ids": false, "category": "Other", "timestamp": "1574856164"}], "distribution": "5", "sharing_group_id": "0"}, {"name": "x509", "meta-category": "network", "template_uuid": "d1ab756a-26b5-4349-9f43-765630f0911c", "description": "x509 object describing a X.509 certificate", "template_version": "11", "uuid": "4d18ec2c-5747-4fae-a867-f748e4a7e973", "ObjectReference": [{"object_uuid": "4d18ec2c-5747-4fae-a867-f748e4a7e973", "referenced_uuid": "0c05165f-c9b2-4ff5-8436-b61c9a9d5b37", "relationship_type": "uses"}], "Attribute": [{"uuid": "84c41fed-4ea7-4f81-a6e9-cf9ffa22320b", "object_relation": "x509-fingerprint-sha1", "value": "25ffdf229cbf93848f5acc15370688d594519c05", "type": "x509-fingerprint-sha1", "disable_correlation": false, "to_ids": true, "category": "Network activity", "timestamp": "1574856165"}, {"uuid": "441af657-a248-4c84-9516-c6a5a2648f90", "object_relation": "subject", "value": "CN=SMB,O=TPLINK,L=SZ,ST=GZ,C=CN", "type": "text", "disable_correlation": false, "to_ids": false, "category": "Other", "timestamp": "1574856165"}, {"uuid": "41584a13-71bd-4fe5-98fb-376b39d6cabc", "object_relation": "issuer", "value": "CN=SMB,O=TPLINK,L=SZ,ST=GZ,C=CN", "type": "text", "disable_correlation": true, "to_ids": false, "category": "Other", "timestamp": "1574856165"}], "distribution": "5", "sharing_group_id": "0"}], "info": "Snake-Oil-Crypto Daily output 2019-11-27", "threat_level_id": "3", "analysis": "0", "published": false, "date": "2019-11-27", "id": "936", "uuid": "0b873201-d501-46fe-aa97-aefcfff926ac", "Orgc": {"name": "Snake-Oil-Organization", "uuid": "5d0bbcf9-3cd4-4d09-8a0c-5a3206b9c121"}}}