{"Event": {"Tag": [{"colour": "#ffffff", "name": "tlp:white"}, {"colour": "#ff00ff", "name": "d4-crypto-feed"}], "Object": [{"name": "crypto-material", "meta-category": "misc", "template_uuid": "50677f82-ec9c-4484-bb29-2519cfe56823", "description": "Cryptographic materials such as public or/and private keys.", "template_version": "3", "uuid": "706b9c47-801e-4334-91b5-f6031e516f18", "Attribute": [{"uuid": "c0c83760-b05a-4990-87c6-4409718653b5", "object_relation": "p", "value": "97777692968769194958261375224598214164093037977827902574496427263991097810759", "type": "text", "disable_correlation": false, "to_ids": false, "category": "Other", "timestamp": "1574855551"}, {"uuid": "376c599c-4c1c-4a2d-a89e-76fd8ab4c512", "object_relation": "n", "value": "9335875469349800088693884520895802377235022298892428215158960419848710647190626186861639912014813933988566257745208359947552507057872883336348957320588027", "type": "text", "disable_correlation": true, "to_ids": false, "category": "Other", "timestamp": "1574855551"}, {"uuid": "29e4a82d-503b-401c-9582-2826ab9f4b16", "object_relation": "rsa-modulus-size", "value": "512", "type": "text", "disable_correlation": true, "to_ids": false, "category": "Other", "timestamp": "1574855551"}, {"uuid": "a12d18f0-7d80-4dbb-a06f-2807162d7a14", "object_relation": "type", "value": "RSA", "type": "text", "disable_correlation": true, "to_ids": false, "category": "Other", "timestamp": "1574855551"}], "distribution": "5", "sharing_group_id": "0"}, {"name": "x509", "meta-category": "network", "template_uuid": "d1ab756a-26b5-4349-9f43-765630f0911c", "description": "x509 object describing a X.509 certificate", "template_version": "11", "uuid": "70c2764b-70b0-4b24-a50b-8f9ba6011b5b", "ObjectReference": [{"object_uuid": "70c2764b-70b0-4b24-a50b-8f9ba6011b5b", "referenced_uuid": "706b9c47-801e-4334-91b5-f6031e516f18", "relationship_type": "uses"}], "Attribute": [{"uuid": "a2565b7a-c7fa-4ad4-8230-502fae0e88cf", "object_relation": "x509-fingerprint-sha1", "value": "8a91400cd1e18ac81c11ab572e3588c8335af348", "type": "x509-fingerprint-sha1", "disable_correlation": false, "to_ids": true, "category": "Network activity", "timestamp": "1574855551"}, {"uuid": "44e9a87e-30fe-4321-8296-84a317bf9975", "object_relation": "subject", "value": "CN=SMB,O=TPLINK,L=SZ,ST=GZ,C=CN", "type": "text", "disable_correlation": false, "to_ids": false, "category": "Other", "timestamp": "1574855551"}, {"uuid": "22bb0632-4621-4c3d-9168-b404e5e9ad3c", "object_relation": "issuer", "value": "CN=SMB,O=TPLINK,L=SZ,ST=GZ,C=CN", "type": "text", "disable_correlation": true, "to_ids": false, "category": "Other", "timestamp": "1574855551"}], "distribution": "5", "sharing_group_id": "0"}], "info": "Snake-Oil-Crypto Daily output 2019-11-27", "threat_level_id": "3", "analysis": "0", "published": false, "date": "2019-11-27", "id": "24", "uuid": "106b3ee8-fca7-4adf-8ce1-c169b4aaddfa", "Orgc": {"name": "Snake-Oil-Organization", "uuid": "5d0bbcf9-3cd4-4d09-8a0c-5a3206b9c121"}}}