{"Event": {"Tag": [{"colour": "#ffffff", "name": "tlp:white"}, {"colour": "#ff00ff", "name": "d4-crypto-feed"}], "Object": [{"name": "crypto-material", "meta-category": "misc", "template_uuid": "50677f82-ec9c-4484-bb29-2519cfe56823", "description": "Cryptographic materials such as public or/and private keys.", "template_version": "3", "uuid": "68a908dd-973c-49b3-89df-19ffd317cda0", "Attribute": [{"uuid": "a000c475-2b26-4ed2-a807-d099508ff1cf", "object_relation": "p", "value": "113675368970610888558710304775920298358289830180750742603952037337366745486187", "type": "text", "disable_correlation": false, "to_ids": false, "category": "Other", "timestamp": "1574855793"}, {"uuid": "04ccdd1c-ac8f-4500-87a5-2c145a52fbbc", "object_relation": "n", "value": "10453618071311423990985542975397557693545049987394402476493595902853206057389013315166341940332185422462006211434353881074824274191683193858586564634957911", "type": "text", "disable_correlation": true, "to_ids": false, "category": "Other", "timestamp": "1574855793"}, {"uuid": "282c63a8-7a7a-4bd4-a1af-6061c17af043", "object_relation": "rsa-modulus-size", "value": "512", "type": "text", "disable_correlation": true, "to_ids": false, "category": "Other", "timestamp": "1574855793"}, {"uuid": "daf02284-af63-427c-9253-f8193d9764f6", "object_relation": "type", "value": "RSA", "type": "text", "disable_correlation": true, "to_ids": false, "category": "Other", "timestamp": "1574855793"}], "distribution": "5", "sharing_group_id": "0"}, {"name": "x509", "meta-category": "network", "template_uuid": "d1ab756a-26b5-4349-9f43-765630f0911c", "description": "x509 object describing a X.509 certificate", "template_version": "11", "uuid": "2194b784-d48f-46b3-a19c-7078d644609b", "ObjectReference": [{"object_uuid": "2194b784-d48f-46b3-a19c-7078d644609b", "referenced_uuid": "68a908dd-973c-49b3-89df-19ffd317cda0", "relationship_type": "uses"}], "Attribute": [{"uuid": "c8ae5a13-18f0-4f29-b77c-0618975c7905", "object_relation": "x509-fingerprint-sha1", "value": "1d03e23a56e21ad1cc56c04639355539a138c0c0", "type": "x509-fingerprint-sha1", "disable_correlation": false, "to_ids": true, "category": "Network activity", "timestamp": "1574855794"}, {"uuid": "be3b02fb-904d-4ad9-98fc-011d81f54e11", "object_relation": "subject", "value": "CN=SMB,O=TPLINK,L=SZ,ST=GZ,C=CN", "type": "text", "disable_correlation": false, "to_ids": false, "category": "Other", "timestamp": "1574855794"}, {"uuid": "ff75f2b3-0df7-41aa-b28f-b6e2abf66396", "object_relation": "issuer", "value": "CN=SMB,O=TPLINK,L=SZ,ST=GZ,C=CN", "type": "text", "disable_correlation": true, "to_ids": false, "category": "Other", "timestamp": "1574855794"}], "distribution": "5", "sharing_group_id": "0"}], "info": "Snake-Oil-Crypto Daily output 2019-11-27", "threat_level_id": "3", "analysis": "0", "published": false, "date": "2019-11-27", "id": "474", "uuid": "12409ac2-bc02-412e-ae31-997386fc3fc7", "Orgc": {"name": "Snake-Oil-Organization", "uuid": "5d0bbcf9-3cd4-4d09-8a0c-5a3206b9c121"}}}