{"Event": {"Tag": [{"colour": "#ffffff", "name": "tlp:white"}, {"colour": "#ff00ff", "name": "d4-crypto-feed"}], "Object": [{"name": "crypto-material", "meta-category": "misc", "template_uuid": "50677f82-ec9c-4484-bb29-2519cfe56823", "description": "Cryptographic materials such as public or/and private keys.", "template_version": "3", "uuid": "473166dd-5f33-40ed-b576-6a5ee9bfddaa", "Attribute": [{"uuid": "302751eb-5f12-41e8-a8e6-bf9d21a56439", "object_relation": "p", "value": "97978079069991745842127734749460343593501742164136958474746385917345346066213", "type": "text", "disable_correlation": false, "to_ids": false, "category": "Other", "timestamp": "1574855890"}, {"uuid": "1459fc2a-7864-4e24-8430-5baffaa890e4", "object_relation": "n", "value": "9818779601443826388203665623497638625217191699300422467519453937073497331757994471006939063122031883415612819773706735402366622904215233881953530508682689", "type": "text", "disable_correlation": true, "to_ids": false, "category": "Other", "timestamp": "1574855890"}, {"uuid": "733cb0b7-143f-4542-bae9-7d34e7ecf9a9", "object_relation": "rsa-modulus-size", "value": "512", "type": "text", "disable_correlation": true, "to_ids": false, "category": "Other", "timestamp": "1574855890"}, {"uuid": "3376a3f3-da06-4a9e-9f3c-d7a0a317fcb8", "object_relation": "type", "value": "RSA", "type": "text", "disable_correlation": true, "to_ids": false, "category": "Other", "timestamp": "1574855890"}], "distribution": "5", "sharing_group_id": "0"}, {"name": "x509", "meta-category": "network", "template_uuid": "d1ab756a-26b5-4349-9f43-765630f0911c", "description": "x509 object describing a X.509 certificate", "template_version": "11", "uuid": "745bd8c2-1003-484e-8078-576608a1e7ee", "ObjectReference": [{"object_uuid": "745bd8c2-1003-484e-8078-576608a1e7ee", "referenced_uuid": "473166dd-5f33-40ed-b576-6a5ee9bfddaa", "relationship_type": "uses"}], "Attribute": [{"uuid": "556a0e9c-0272-494a-b5fc-10baa15aa9a5", "object_relation": "x509-fingerprint-sha1", "value": "8a6a2eeb481668ccf7b87b9743e923d16153d8a3", "type": "x509-fingerprint-sha1", "disable_correlation": false, "to_ids": true, "category": "Network activity", "timestamp": "1574855891"}, {"uuid": "55068b80-93d5-45b4-b051-079565bc7257", "object_relation": "subject", "value": "CN=SMB,O=TPLINK,L=SZ,ST=GZ,C=CN", "type": "text", "disable_correlation": false, "to_ids": false, "category": "Other", "timestamp": "1574855891"}, {"uuid": "4c5b044a-5e94-4f94-936b-819ceeb5ebad", "object_relation": "issuer", "value": "CN=SMB,O=TPLINK,L=SZ,ST=GZ,C=CN", "type": "text", "disable_correlation": true, "to_ids": false, "category": "Other", "timestamp": "1574855891"}], "distribution": "5", "sharing_group_id": "0"}], "info": "Snake-Oil-Crypto Daily output 2019-11-27", "threat_level_id": "3", "analysis": "0", "published": false, "date": "2019-11-27", "id": "602", "uuid": "1517615b-bfcb-4621-b5b0-306625caedde", "Orgc": {"name": "Snake-Oil-Organization", "uuid": "5d0bbcf9-3cd4-4d09-8a0c-5a3206b9c121"}}}