{"Event": {"Tag": [{"colour": "#ffffff", "name": "tlp:white"}, {"colour": "#ff00ff", "name": "d4-crypto-feed"}], "Object": [{"name": "crypto-material", "meta-category": "misc", "template_uuid": "50677f82-ec9c-4484-bb29-2519cfe56823", "description": "Cryptographic materials such as public or/and private keys.", "template_version": "3", "uuid": "ea1a385b-ba28-4cd6-97db-3fb2598a8483", "Attribute": [{"uuid": "f9a42414-e913-4276-b00b-19edaa15701c", "object_relation": "p", "value": "91267687622193202587704592086191922528305789328602297721316080655613146532529", "type": "text", "disable_correlation": false, "to_ids": false, "category": "Other", "timestamp": "1574855545"}, {"uuid": "dcbe2908-79b4-48b3-9de8-b0911dea1ca6", "object_relation": "n", "value": "10006943641700040526589369814974178369267301864539300839930587123101396722720461707579073227425337365751655111634750162544648858105288883995171420545076073", "type": "text", "disable_correlation": true, "to_ids": false, "category": "Other", "timestamp": "1574855545"}, {"uuid": "1f50dc34-778c-49bc-83ac-7d10b9207f32", "object_relation": "rsa-modulus-size", "value": "512", "type": "text", "disable_correlation": true, "to_ids": false, "category": "Other", "timestamp": "1574855545"}, {"uuid": "aeb6562a-9cc4-4bf4-a957-4d8b767155f8", "object_relation": "type", "value": "RSA", "type": "text", "disable_correlation": true, "to_ids": false, "category": "Other", "timestamp": "1574855545"}], "distribution": "5", "sharing_group_id": "0"}, {"name": "x509", "meta-category": "network", "template_uuid": "d1ab756a-26b5-4349-9f43-765630f0911c", "description": "x509 object describing a X.509 certificate", "template_version": "11", "uuid": "2429056f-ab15-40a9-b6f4-752602d4a17f", "ObjectReference": [{"object_uuid": "2429056f-ab15-40a9-b6f4-752602d4a17f", "referenced_uuid": "ea1a385b-ba28-4cd6-97db-3fb2598a8483", "relationship_type": "uses"}], "Attribute": [{"uuid": "95c110c6-b303-4ac2-b57e-2a6cee5c6d31", "object_relation": "x509-fingerprint-sha1", "value": "1087269c3f11772861f59705cdca5a373b01b3b9", "type": "x509-fingerprint-sha1", "disable_correlation": false, "to_ids": true, "category": "Network activity", "timestamp": "1574855546"}, {"uuid": "d4c70434-efee-44ef-b314-b7c14f357f7c", "object_relation": "subject", "value": "CN=SMB,O=TPLINK,L=SZ,ST=GZ,C=CN", "type": "text", "disable_correlation": false, "to_ids": false, "category": "Other", "timestamp": "1574855546"}, {"uuid": "e34b065a-a36c-47a5-840f-fa7109798707", "object_relation": "issuer", "value": "CN=SMB,O=TPLINK,L=SZ,ST=GZ,C=CN", "type": "text", "disable_correlation": true, "to_ids": false, "category": "Other", "timestamp": "1574855546"}], "distribution": "5", "sharing_group_id": "0"}], "info": "Snake-Oil-Crypto Daily output 2019-11-27", "threat_level_id": "3", "analysis": "0", "published": false, "date": "2019-11-27", "id": "7", "uuid": "15c78550-2171-4360-9f0c-bd8f52d9e2ed", "Orgc": {"name": "Snake-Oil-Organization", "uuid": "5d0bbcf9-3cd4-4d09-8a0c-5a3206b9c121"}}}