{"Event": {"Tag": [{"colour": "#ffffff", "name": "tlp:white"}, {"colour": "#ff00ff", "name": "d4-crypto-feed"}], "Object": [{"name": "crypto-material", "meta-category": "misc", "template_uuid": "50677f82-ec9c-4484-bb29-2519cfe56823", "description": "Cryptographic materials such as public or/and private keys.", "template_version": "3", "uuid": "ab9cc3b9-cf15-47b5-b0ea-3c91f783dab4", "Attribute": [{"uuid": "640fb3ba-1021-4752-abfa-7991234e1eb1", "object_relation": "p", "value": "97777692968769194958261375224598214164093037977827902574496427263991097810759", "type": "text", "disable_correlation": false, "to_ids": false, "category": "Other", "timestamp": "1574856125"}, {"uuid": "93759a7c-3f31-41e1-ab55-8a86ea6577d8", "object_relation": "n", "value": "10656740741910307617443371161513783897045638001527753529755560052580239512386919225139879805481056274727284524140988101028527276269397766068142620153475757", "type": "text", "disable_correlation": true, "to_ids": false, "category": "Other", "timestamp": "1574856125"}, {"uuid": "05c38088-da5d-47b2-be1d-621c58dad14d", "object_relation": "rsa-modulus-size", "value": "512", "type": "text", "disable_correlation": true, "to_ids": false, "category": "Other", "timestamp": "1574856125"}, {"uuid": "4ea99bc0-2d1e-4120-9d57-aeb472db431b", "object_relation": "type", "value": "RSA", "type": "text", "disable_correlation": true, "to_ids": false, "category": "Other", "timestamp": "1574856125"}], "distribution": "5", "sharing_group_id": "0"}, {"name": "x509", "meta-category": "network", "template_uuid": "d1ab756a-26b5-4349-9f43-765630f0911c", "description": "x509 object describing a X.509 certificate", "template_version": "11", "uuid": "9f20898b-fb82-4690-bdd7-0163c4ab6858", "ObjectReference": [{"object_uuid": "9f20898b-fb82-4690-bdd7-0163c4ab6858", "referenced_uuid": "ab9cc3b9-cf15-47b5-b0ea-3c91f783dab4", "relationship_type": "uses"}], "Attribute": [{"uuid": "1afd6246-eeed-4538-b29a-82e6ecf04f53", "object_relation": "x509-fingerprint-sha1", "value": "686188cdc2ed349c17ac2bd8c02bf11baa2b3eb7", "type": "x509-fingerprint-sha1", "disable_correlation": false, "to_ids": true, "category": "Network activity", "timestamp": "1574856126"}, {"uuid": "24962f80-b79d-425e-a068-64962733d5be", "object_relation": "subject", "value": "CN=SMB,O=TPLINK,L=SZ,ST=GZ,C=CN", "type": "text", "disable_correlation": false, "to_ids": false, "category": "Other", "timestamp": "1574856126"}, {"uuid": "a1577826-11ad-4918-8e3f-a07b2be65fe6", "object_relation": "issuer", "value": "CN=SMB,O=TPLINK,L=SZ,ST=GZ,C=CN", "type": "text", "disable_correlation": true, "to_ids": false, "category": "Other", "timestamp": "1574856126"}], "distribution": "5", "sharing_group_id": "0"}], "info": "Snake-Oil-Crypto Daily output 2019-11-27", "threat_level_id": "3", "analysis": "0", "published": false, "date": "2019-11-27", "id": "887", "uuid": "1a0cae81-02ec-4720-b819-34b4121a98b7", "Orgc": {"name": "Snake-Oil-Organization", "uuid": "5d0bbcf9-3cd4-4d09-8a0c-5a3206b9c121"}}}