{"Event": {"Tag": [{"colour": "#ffffff", "name": "tlp:white"}, {"colour": "#ff00ff", "name": "d4-crypto-feed"}], "Object": [{"name": "crypto-material", "meta-category": "misc", "template_uuid": "50677f82-ec9c-4484-bb29-2519cfe56823", "description": "Cryptographic materials such as public or/and private keys.", "template_version": "3", "uuid": "62065ec6-24f4-46f1-993d-029ee3bdd455", "Attribute": [{"uuid": "fc8bdc77-03c7-4c97-a92f-a0c08be9a86c", "object_relation": "p", "value": "97777692968769194958261375224598214164093037977827902574496427263991097810759", "type": "text", "disable_correlation": false, "to_ids": false, "category": "Other", "timestamp": "1574856245"}, {"uuid": "9e3e9e77-c3fb-4d2f-9203-bc90be349d7e", "object_relation": "n", "value": "9264167870349744425877628626577722915247516122094076430274810922636454079385412778406719192307351334980208438089498423026083460042749836822757204458673601", "type": "text", "disable_correlation": true, "to_ids": false, "category": "Other", "timestamp": "1574856245"}, {"uuid": "865cfb0a-86c3-42fa-a607-b1be914555cf", "object_relation": "rsa-modulus-size", "value": "512", "type": "text", "disable_correlation": true, "to_ids": false, "category": "Other", "timestamp": "1574856245"}, {"uuid": "20adfc1c-7470-4a83-8c75-3437602c2d91", "object_relation": "type", "value": "RSA", "type": "text", "disable_correlation": true, "to_ids": false, "category": "Other", "timestamp": "1574856245"}], "distribution": "5", "sharing_group_id": "0"}, {"name": "x509", "meta-category": "network", "template_uuid": "d1ab756a-26b5-4349-9f43-765630f0911c", "description": "x509 object describing a X.509 certificate", "template_version": "11", "uuid": "d4512338-6f73-4890-928d-50e1953e06d0", "ObjectReference": [{"object_uuid": "d4512338-6f73-4890-928d-50e1953e06d0", "referenced_uuid": "62065ec6-24f4-46f1-993d-029ee3bdd455", "relationship_type": "uses"}], "Attribute": [{"uuid": "48530196-7caa-4388-9a25-8c7d37ec1681", "object_relation": "x509-fingerprint-sha1", "value": "259d5c5ccf1e0d9d870585b750eb9846d154d071", "type": "x509-fingerprint-sha1", "disable_correlation": false, "to_ids": true, "category": "Network activity", "timestamp": "1574856246"}, {"uuid": "7b629ba5-781c-449b-a04b-2ebaac22dd98", "object_relation": "subject", "value": "CN=SMB,O=TPLINK,L=SZ,ST=GZ,C=CN", "type": "text", "disable_correlation": false, "to_ids": false, "category": "Other", "timestamp": "1574856246"}, {"uuid": "f6b3a067-5264-4dc4-b0d9-cc50bbd017fd", "object_relation": "issuer", "value": "CN=SMB,O=TPLINK,L=SZ,ST=GZ,C=CN", "type": "text", "disable_correlation": true, "to_ids": false, "category": "Other", "timestamp": "1574856246"}], "distribution": "5", "sharing_group_id": "0"}], "info": "Snake-Oil-Crypto Daily output 2019-11-27", "threat_level_id": "3", "analysis": "0", "published": false, "date": "2019-11-27", "id": "1043", "uuid": "2e318621-d9d9-4097-9388-1c36411c2126", "Orgc": {"name": "Snake-Oil-Organization", "uuid": "5d0bbcf9-3cd4-4d09-8a0c-5a3206b9c121"}}}