{"Event": {"Tag": [{"colour": "#ffffff", "name": "tlp:white"}, {"colour": "#ff00ff", "name": "d4-crypto-feed"}], "Object": [{"name": "crypto-material", "meta-category": "misc", "template_uuid": "50677f82-ec9c-4484-bb29-2519cfe56823", "description": "Cryptographic materials such as public or/and private keys.", "template_version": "3", "uuid": "50da21dd-5083-4492-93b3-72ef3242001b", "Attribute": [{"uuid": "966a9560-d122-40d7-a57e-5a15fa379a58", "object_relation": "p", "value": "91267687622193202587704592086191922528305789328602297721316080655613146532529", "type": "text", "disable_correlation": false, "to_ids": false, "category": "Other", "timestamp": "1574855650"}, {"uuid": "e9e4114d-fd2c-4ff3-a7f3-1b6b89650bf3", "object_relation": "n", "value": "8182081792236467737545124582826960740323512569680364754701213711001934646920558443493719275174811564612097719590793124743659373350169171043817542984774433", "type": "text", "disable_correlation": true, "to_ids": false, "category": "Other", "timestamp": "1574855650"}, {"uuid": "a3dd86e7-1bfc-4bba-8209-73621f6d969f", "object_relation": "rsa-modulus-size", "value": "512", "type": "text", "disable_correlation": true, "to_ids": false, "category": "Other", "timestamp": "1574855650"}, {"uuid": "06c219d3-b62c-40cb-a8db-8ad96a38a7ce", "object_relation": "type", "value": "RSA", "type": "text", "disable_correlation": true, "to_ids": false, "category": "Other", "timestamp": "1574855650"}], "distribution": "5", "sharing_group_id": "0"}, {"name": "x509", "meta-category": "network", "template_uuid": "d1ab756a-26b5-4349-9f43-765630f0911c", "description": "x509 object describing a X.509 certificate", "template_version": "11", "uuid": "1f8c6a46-53ca-414d-b777-4250309b97b8", "ObjectReference": [{"object_uuid": "1f8c6a46-53ca-414d-b777-4250309b97b8", "referenced_uuid": "50da21dd-5083-4492-93b3-72ef3242001b", "relationship_type": "uses"}], "Attribute": [{"uuid": "46faf603-f14e-4f3d-a865-7d7ae49611a6", "object_relation": "x509-fingerprint-sha1", "value": "109ee3a495cded2581970435e3d518e4415aa685", "type": "x509-fingerprint-sha1", "disable_correlation": false, "to_ids": true, "category": "Network activity", "timestamp": "1574855650"}, {"uuid": "845ad852-d759-4a14-875c-e5d4fa7d0770", "object_relation": "subject", "value": "CN=SMB,O=TPLINK,L=SZ,ST=GZ,C=CN", "type": "text", "disable_correlation": false, "to_ids": false, "category": "Other", "timestamp": "1574855650"}, {"uuid": "b3c157fb-e70d-4c17-afab-43e2ab248729", "object_relation": "issuer", "value": "CN=SMB,O=TPLINK,L=SZ,ST=GZ,C=CN", "type": "text", "disable_correlation": true, "to_ids": false, "category": "Other", "timestamp": "1574855650"}], "distribution": "5", "sharing_group_id": "0"}], "info": "Snake-Oil-Crypto Daily output 2019-11-27", "threat_level_id": "3", "analysis": "0", "published": false, "date": "2019-11-27", "id": "249", "uuid": "2f0d92ae-ebd5-41ab-9c7e-aa60730e4821", "Orgc": {"name": "Snake-Oil-Organization", "uuid": "5d0bbcf9-3cd4-4d09-8a0c-5a3206b9c121"}}}