{"Event": {"Tag": [{"colour": "#ffffff", "name": "tlp:white"}, {"colour": "#ff00ff", "name": "d4-crypto-feed"}], "Object": [{"name": "crypto-material", "meta-category": "misc", "template_uuid": "50677f82-ec9c-4484-bb29-2519cfe56823", "description": "Cryptographic materials such as public or/and private keys.", "template_version": "3", "uuid": "61ee3f2e-5e4f-4e14-95ab-c4d17d27738e", "Attribute": [{"uuid": "35c84f2d-a452-4b59-b4de-c95fdc36ab42", "object_relation": "p", "value": "107089043468108953444698227963331568286985283743408688408650193136590820086949", "type": "text", "disable_correlation": false, "to_ids": false, "category": "Other", "timestamp": "1574856173"}, {"uuid": "e7ec9f2d-34aa-4268-8765-5fcf1d48e572", "object_relation": "n", "value": "10678153977262209402507066244470065203957527234986514627446004595215759682158687425704685257076896552346536181460656459512049422483239496360781846240238127", "type": "text", "disable_correlation": true, "to_ids": false, "category": "Other", "timestamp": "1574856173"}, {"uuid": "f8081eb1-e229-4245-a275-70a82291dd60", "object_relation": "rsa-modulus-size", "value": "512", "type": "text", "disable_correlation": true, "to_ids": false, "category": "Other", "timestamp": "1574856173"}, {"uuid": "8bbe74bc-6ba7-404e-9e11-23d9548d37db", "object_relation": "type", "value": "RSA", "type": "text", "disable_correlation": true, "to_ids": false, "category": "Other", "timestamp": "1574856173"}], "distribution": "5", "sharing_group_id": "0"}, {"name": "x509", "meta-category": "network", "template_uuid": "d1ab756a-26b5-4349-9f43-765630f0911c", "description": "x509 object describing a X.509 certificate", "template_version": "11", "uuid": "67e6893c-5e52-4954-bf2e-b410dbb8afef", "ObjectReference": [{"object_uuid": "67e6893c-5e52-4954-bf2e-b410dbb8afef", "referenced_uuid": "61ee3f2e-5e4f-4e14-95ab-c4d17d27738e", "relationship_type": "uses"}], "Attribute": [{"uuid": "7dd332dc-0597-4911-bf8e-0078c71c499f", "object_relation": "x509-fingerprint-sha1", "value": "253bc2bbc96200dd22303ce9427ea555c13fb167", "type": "x509-fingerprint-sha1", "disable_correlation": false, "to_ids": true, "category": "Network activity", "timestamp": "1574856174"}, {"uuid": "3398d9b6-d1e1-43a1-8878-6dc5c77997b8", "object_relation": "subject", "value": "CN=SMB,O=TPLINK,L=SZ,ST=GZ,C=CN", "type": "text", "disable_correlation": false, "to_ids": false, "category": "Other", "timestamp": "1574856174"}, {"uuid": "2131f8f8-1a27-4e30-a6d1-4eb5e87e99f1", "object_relation": "issuer", "value": "CN=SMB,O=TPLINK,L=SZ,ST=GZ,C=CN", "type": "text", "disable_correlation": true, "to_ids": false, "category": "Other", "timestamp": "1574856174"}], "distribution": "5", "sharing_group_id": "0"}], "info": "Snake-Oil-Crypto Daily output 2019-11-27", "threat_level_id": "3", "analysis": "0", "published": false, "date": "2019-11-27", "id": "949", "uuid": "2f840eef-86a7-48f3-819f-10c6fa4a3dbb", "Orgc": {"name": "Snake-Oil-Organization", "uuid": "5d0bbcf9-3cd4-4d09-8a0c-5a3206b9c121"}}}