{"Event": {"Tag": [{"colour": "#ffffff", "name": "tlp:white"}, {"colour": "#ff00ff", "name": "d4-crypto-feed"}], "Object": [{"name": "crypto-material", "meta-category": "misc", "template_uuid": "50677f82-ec9c-4484-bb29-2519cfe56823", "description": "Cryptographic materials such as public or/and private keys.", "template_version": "3", "uuid": "128ee415-cc99-40c9-ba30-1a200eb6d915", "Attribute": [{"uuid": "2d5ea4fd-e625-48e6-9bdd-d45d637b9c95", "object_relation": "p", "value": "97777692968769194958261375224598214164093037977827902574496427263991097810759", "type": "text", "disable_correlation": false, "to_ids": false, "category": "Other", "timestamp": "1574855995"}, {"uuid": "04f97e32-10ac-4c96-b247-982054c427cb", "object_relation": "n", "value": "9694153253109682034968577454341285721695273339636133703258594387741587052440641347823982981209243283840389053132728140726879992147197855349895100031690591", "type": "text", "disable_correlation": true, "to_ids": false, "category": "Other", "timestamp": "1574855995"}, {"uuid": "a5b93689-80e9-4670-bf2b-36f89544901c", "object_relation": "rsa-modulus-size", "value": "512", "type": "text", "disable_correlation": true, "to_ids": false, "category": "Other", "timestamp": "1574855995"}, {"uuid": "4ab46c18-53c2-4b7c-b464-bbebf8af0d98", "object_relation": "type", "value": "RSA", "type": "text", "disable_correlation": true, "to_ids": false, "category": "Other", "timestamp": "1574855995"}], "distribution": "5", "sharing_group_id": "0"}, {"name": "x509", "meta-category": "network", "template_uuid": "d1ab756a-26b5-4349-9f43-765630f0911c", "description": "x509 object describing a X.509 certificate", "template_version": "11", "uuid": "f2f770df-48bc-4e48-acea-a2f90cba31c1", "ObjectReference": [{"object_uuid": "f2f770df-48bc-4e48-acea-a2f90cba31c1", "referenced_uuid": "128ee415-cc99-40c9-ba30-1a200eb6d915", "relationship_type": "uses"}], "Attribute": [{"uuid": "77a2d350-0ef4-45b8-9e35-ded8f93f9d60", "object_relation": "x509-fingerprint-sha1", "value": "6889f44d4f3a1c42bb0fe68acf155a63f894418f", "type": "x509-fingerprint-sha1", "disable_correlation": false, "to_ids": true, "category": "Network activity", "timestamp": "1574855996"}, {"uuid": "4382d42b-840f-4705-8f74-773ecf938636", "object_relation": "subject", "value": "CN=SMB,O=TPLINK,L=SZ,ST=GZ,C=CN", "type": "text", "disable_correlation": false, "to_ids": false, "category": "Other", "timestamp": "1574855996"}, {"uuid": "3d2d26c1-4b2f-4c0b-a43e-7857bac4e8e0", "object_relation": "issuer", "value": "CN=SMB,O=TPLINK,L=SZ,ST=GZ,C=CN", "type": "text", "disable_correlation": true, "to_ids": false, "category": "Other", "timestamp": "1574855996"}], "distribution": "5", "sharing_group_id": "0"}], "info": "Snake-Oil-Crypto Daily output 2019-11-27", "threat_level_id": "3", "analysis": "0", "published": false, "date": "2019-11-27", "id": "733", "uuid": "307d400c-a073-4dc6-a6fa-e4939daf68ce", "Orgc": {"name": "Snake-Oil-Organization", "uuid": "5d0bbcf9-3cd4-4d09-8a0c-5a3206b9c121"}}}