{"Event": {"Tag": [{"colour": "#ffffff", "name": "tlp:white"}, {"colour": "#ff00ff", "name": "d4-crypto-feed"}], "Object": [{"name": "crypto-material", "meta-category": "misc", "template_uuid": "50677f82-ec9c-4484-bb29-2519cfe56823", "description": "Cryptographic materials such as public or/and private keys.", "template_version": "3", "uuid": "99275125-afb2-4e00-8baa-001fe4412050", "Attribute": [{"uuid": "550ae8e0-2182-4052-bbce-a74d5d149dcf", "object_relation": "p", "value": "91267687622193202587704592086191922528305789328602297721316080655613146532529", "type": "text", "disable_correlation": false, "to_ids": false, "category": "Other", "timestamp": "1574855548"}, {"uuid": "437c9ceb-0c86-42d0-aa51-e964347134bc", "object_relation": "n", "value": "7926676283766772730985165266059489009051146904623977658543015654165178569367363866487612028260922443573242656555359089596807373607172701041616819163534281", "type": "text", "disable_correlation": true, "to_ids": false, "category": "Other", "timestamp": "1574855548"}, {"uuid": "126d578e-2a70-4d6d-bf57-f77e2e284cf1", "object_relation": "rsa-modulus-size", "value": "512", "type": "text", "disable_correlation": true, "to_ids": false, "category": "Other", "timestamp": "1574855548"}, {"uuid": "a0480a90-b51d-459d-b784-fa76f93ee215", "object_relation": "type", "value": "RSA", "type": "text", "disable_correlation": true, "to_ids": false, "category": "Other", "timestamp": "1574855548"}], "distribution": "5", "sharing_group_id": "0"}, {"name": "x509", "meta-category": "network", "template_uuid": "d1ab756a-26b5-4349-9f43-765630f0911c", "description": "x509 object describing a X.509 certificate", "template_version": "11", "uuid": "0fc45ad9-ab5f-4ab0-aeee-ded2845bac7c", "ObjectReference": [{"object_uuid": "0fc45ad9-ab5f-4ab0-aeee-ded2845bac7c", "referenced_uuid": "99275125-afb2-4e00-8baa-001fe4412050", "relationship_type": "uses"}], "Attribute": [{"uuid": "73cd558e-a8dd-4155-b276-65706f6a5512", "object_relation": "x509-fingerprint-sha1", "value": "1094fb23eb1bf2b7eb2f75358fa10d697c4daddd", "type": "x509-fingerprint-sha1", "disable_correlation": false, "to_ids": true, "category": "Network activity", "timestamp": "1574855548"}, {"uuid": "3adc7be2-0560-4276-bd80-6bac23584bad", "object_relation": "subject", "value": "CN=SMB,O=TPLINK,L=SZ,ST=GZ,C=CN", "type": "text", "disable_correlation": false, "to_ids": false, "category": "Other", "timestamp": "1574855548"}, {"uuid": "75d0966b-d1ba-4b5c-872c-67cbe14e10e4", "object_relation": "issuer", "value": "CN=SMB,O=TPLINK,L=SZ,ST=GZ,C=CN", "type": "text", "disable_correlation": true, "to_ids": false, "category": "Other", "timestamp": "1574855548"}], "distribution": "5", "sharing_group_id": "0"}], "info": "Snake-Oil-Crypto Daily output 2019-11-27", "threat_level_id": "3", "analysis": "0", "published": false, "date": "2019-11-27", "id": "15", "uuid": "394db294-e0fa-4c6e-a225-e7ae89109164", "Orgc": {"name": "Snake-Oil-Organization", "uuid": "5d0bbcf9-3cd4-4d09-8a0c-5a3206b9c121"}}}