{"Event": {"Tag": [{"colour": "#ffffff", "name": "tlp:white"}, {"colour": "#ff00ff", "name": "d4-crypto-feed"}], "Object": [{"name": "crypto-material", "meta-category": "misc", "template_uuid": "50677f82-ec9c-4484-bb29-2519cfe56823", "description": "Cryptographic materials such as public or/and private keys.", "template_version": "3", "uuid": "32e48d33-db2a-4d1e-8e00-2fd87ee7aca9", "Attribute": [{"uuid": "7f233031-7282-4298-bf55-57f2e01926c2", "object_relation": "p", "value": "100164740452781920899129422948399495555769661301952323963595399261950121045899", "type": "text", "disable_correlation": false, "to_ids": false, "category": "Other", "timestamp": "1574855556"}, {"uuid": "85fb00e6-2d5f-493c-a63a-ecea9a798a9d", "object_relation": "n", "value": "10618576365876514731399454029265548953489172602137842889707116578840927957035400566558880033441374864505260035593062761696814730484004618248043416634840271", "type": "text", "disable_correlation": true, "to_ids": false, "category": "Other", "timestamp": "1574855556"}, {"uuid": "6e910b33-a014-4b52-9832-65faf9db17aa", "object_relation": "rsa-modulus-size", "value": "512", "type": "text", "disable_correlation": true, "to_ids": false, "category": "Other", "timestamp": "1574855556"}, {"uuid": "9debbef4-b962-40de-8786-16673c185ae7", "object_relation": "type", "value": "RSA", "type": "text", "disable_correlation": true, "to_ids": false, "category": "Other", "timestamp": "1574855556"}], "distribution": "5", "sharing_group_id": "0"}, {"name": "x509", "meta-category": "network", "template_uuid": "d1ab756a-26b5-4349-9f43-765630f0911c", "description": "x509 object describing a X.509 certificate", "template_version": "11", "uuid": "422b707c-f15b-42f0-800a-2e7b694bfcbb", "ObjectReference": [{"object_uuid": "422b707c-f15b-42f0-800a-2e7b694bfcbb", "referenced_uuid": "32e48d33-db2a-4d1e-8e00-2fd87ee7aca9", "relationship_type": "uses"}], "Attribute": [{"uuid": "7dbe0e6b-353b-4b7f-b628-3c2769c7dca7", "object_relation": "x509-fingerprint-sha1", "value": "2554e9db929ed1fc0810effa3018824fde1c0d12", "type": "x509-fingerprint-sha1", "disable_correlation": false, "to_ids": true, "category": "Network activity", "timestamp": "1574855556"}, {"uuid": "25a3b8b6-1461-44d4-8f85-d580ae4fca25", "object_relation": "subject", "value": "CN=SMB,O=TPLINK,L=SZ,ST=GZ,C=CN", "type": "text", "disable_correlation": false, "to_ids": false, "category": "Other", "timestamp": "1574855556"}, {"uuid": "a2a97425-b659-4e9f-89fe-121b9eb9aa2e", "object_relation": "issuer", "value": "CN=SMB,O=TPLINK,L=SZ,ST=GZ,C=CN", "type": "text", "disable_correlation": true, "to_ids": false, "category": "Other", "timestamp": "1574855556"}], "distribution": "5", "sharing_group_id": "0"}], "info": "Snake-Oil-Crypto Daily output 2019-11-27", "threat_level_id": "3", "analysis": "0", "published": false, "date": "2019-11-27", "id": "39", "uuid": "3f955dc8-e3ec-4cc8-901b-b7dbd4b9f99c", "Orgc": {"name": "Snake-Oil-Organization", "uuid": "5d0bbcf9-3cd4-4d09-8a0c-5a3206b9c121"}}}