{"Event": {"Tag": [{"colour": "#ffffff", "name": "tlp:white"}, {"colour": "#ff00ff", "name": "d4-crypto-feed"}], "Object": [{"name": "crypto-material", "meta-category": "misc", "template_uuid": "50677f82-ec9c-4484-bb29-2519cfe56823", "description": "Cryptographic materials such as public or/and private keys.", "template_version": "3", "uuid": "90d6805b-c86d-4903-a598-3f8303c7f755", "Attribute": [{"uuid": "6186b084-a6f3-4ebb-bea6-9bfed2f1a1a7", "object_relation": "p", "value": "97978079069991745842127734749460343593501742164136958474746385917345346066213", "type": "text", "disable_correlation": false, "to_ids": false, "category": "Other", "timestamp": "1574855549"}, {"uuid": "1d93b6d0-d939-4e02-8ccf-ed6ee8e40b94", "object_relation": "n", "value": "9180763564204445928494272724873365420710398257131584452773204526062805369519837932619522526539440175711130514510615559607894555548071075366632500009008547", "type": "text", "disable_correlation": true, "to_ids": false, "category": "Other", "timestamp": "1574855549"}, {"uuid": "39aaa2a1-7c9e-416d-b6f9-39394c60bb2f", "object_relation": "rsa-modulus-size", "value": "512", "type": "text", "disable_correlation": true, "to_ids": false, "category": "Other", "timestamp": "1574855549"}, {"uuid": "64eaf4eb-785d-4ec7-b559-9430bdd8dcaf", "object_relation": "type", "value": "RSA", "type": "text", "disable_correlation": true, "to_ids": false, "category": "Other", "timestamp": "1574855549"}], "distribution": "5", "sharing_group_id": "0"}, {"name": "x509", "meta-category": "network", "template_uuid": "d1ab756a-26b5-4349-9f43-765630f0911c", "description": "x509 object describing a X.509 certificate", "template_version": "11", "uuid": "d6c13136-5eda-4605-b3be-7bf755e829b6", "ObjectReference": [{"object_uuid": "d6c13136-5eda-4605-b3be-7bf755e829b6", "referenced_uuid": "90d6805b-c86d-4903-a598-3f8303c7f755", "relationship_type": "uses"}], "Attribute": [{"uuid": "63062256-5d59-4d74-be05-dcf62b615fdb", "object_relation": "x509-fingerprint-sha1", "value": "1d731d4f52ddda2203fa0acab3b30c95f418126b", "type": "x509-fingerprint-sha1", "disable_correlation": false, "to_ids": true, "category": "Network activity", "timestamp": "1574855549"}, {"uuid": "cbc0f463-111d-420a-b6e1-d1b55bff21c2", "object_relation": "subject", "value": "CN=SMB,O=TPLINK,L=SZ,ST=GZ,C=CN", "type": "text", "disable_correlation": false, "to_ids": false, "category": "Other", "timestamp": "1574855549"}, {"uuid": "022d34b0-d33b-42ac-801e-ed0e9730e9e1", "object_relation": "issuer", "value": "CN=SMB,O=TPLINK,L=SZ,ST=GZ,C=CN", "type": "text", "disable_correlation": true, "to_ids": false, "category": "Other", "timestamp": "1574855549"}], "distribution": "5", "sharing_group_id": "0"}], "info": "Snake-Oil-Crypto Daily output 2019-11-27", "threat_level_id": "3", "analysis": "0", "published": false, "date": "2019-11-27", "id": "17", "uuid": "4829e82a-6dc5-4c33-8847-47309f7cf4ac", "Orgc": {"name": "Snake-Oil-Organization", "uuid": "5d0bbcf9-3cd4-4d09-8a0c-5a3206b9c121"}}}