{"Event": {"Tag": [{"colour": "#ffffff", "name": "tlp:white"}, {"colour": "#ff00ff", "name": "d4-crypto-feed"}], "Object": [{"name": "crypto-material", "meta-category": "misc", "template_uuid": "50677f82-ec9c-4484-bb29-2519cfe56823", "description": "Cryptographic materials such as public or/and private keys.", "template_version": "3", "uuid": "265b1908-5937-4ed6-852d-f78d7ddd099c", "Attribute": [{"uuid": "76f197b1-a820-4a80-b605-044f2545c5cc", "object_relation": "p", "value": "92584135228010858749201790766849828791845239317217076556276492805107045143487", "type": "text", "disable_correlation": false, "to_ids": false, "category": "Other", "timestamp": "1574856218"}, {"uuid": "0980e2d9-bfe5-4f95-8022-53c2ed5b8210", "object_relation": "n", "value": "10553648164037701254338515057334794405816426518069326060313927285668426472210356909147740325038989205218953044981507600956893552281159649843502512686624243", "type": "text", "disable_correlation": true, "to_ids": false, "category": "Other", "timestamp": "1574856218"}, {"uuid": "9d5355c1-fd0a-4d7b-be75-d75c65a382bb", "object_relation": "rsa-modulus-size", "value": "512", "type": "text", "disable_correlation": true, "to_ids": false, "category": "Other", "timestamp": "1574856218"}, {"uuid": "e66be585-3c8b-4c74-8ede-31a3ac0433bd", "object_relation": "type", "value": "RSA", "type": "text", "disable_correlation": true, "to_ids": false, "category": "Other", "timestamp": "1574856218"}], "distribution": "5", "sharing_group_id": "0"}, {"name": "x509", "meta-category": "network", "template_uuid": "d1ab756a-26b5-4349-9f43-765630f0911c", "description": "x509 object describing a X.509 certificate", "template_version": "11", "uuid": "fd088d4f-fa67-4038-8a85-997a2f86b74a", "ObjectReference": [{"object_uuid": "fd088d4f-fa67-4038-8a85-997a2f86b74a", "referenced_uuid": "265b1908-5937-4ed6-852d-f78d7ddd099c", "relationship_type": "uses"}], "Attribute": [{"uuid": "994918bb-c89f-4e24-8e96-fb948ad8919e", "object_relation": "x509-fingerprint-sha1", "value": "257def6a0e307fad3c4e53a160acd8f1615f6e66", "type": "x509-fingerprint-sha1", "disable_correlation": false, "to_ids": true, "category": "Network activity", "timestamp": "1574856219"}, {"uuid": "2276d84f-b618-4d99-9315-e908ce38ae92", "object_relation": "subject", "value": "CN=SMB,O=TPLINK,L=SZ,ST=GZ,C=CN", "type": "text", "disable_correlation": false, "to_ids": false, "category": "Other", "timestamp": "1574856219"}, {"uuid": "8a8392d3-6b31-4625-aa8d-9ce4dccaed5c", "object_relation": "issuer", "value": "CN=SMB,O=TPLINK,L=SZ,ST=GZ,C=CN", "type": "text", "disable_correlation": true, "to_ids": false, "category": "Other", "timestamp": "1574856219"}], "distribution": "5", "sharing_group_id": "0"}], "info": "Snake-Oil-Crypto Daily output 2019-11-27", "threat_level_id": "3", "analysis": "0", "published": false, "date": "2019-11-27", "id": "1008", "uuid": "49c6af34-8936-49ae-a6d5-341d52d292b8", "Orgc": {"name": "Snake-Oil-Organization", "uuid": "5d0bbcf9-3cd4-4d09-8a0c-5a3206b9c121"}}}