{"Event": {"Tag": [{"colour": "#ffffff", "name": "tlp:white"}, {"colour": "#ff00ff", "name": "d4-crypto-feed"}], "Object": [{"name": "crypto-material", "meta-category": "misc", "template_uuid": "50677f82-ec9c-4484-bb29-2519cfe56823", "description": "Cryptographic materials such as public or/and private keys.", "template_version": "3", "uuid": "dcbdae2c-4aea-473c-8f92-5208abac5a97", "Attribute": [{"uuid": "ca2c5101-d7ee-4278-90fb-5fb1999ee639", "object_relation": "p", "value": "91267687622193202587704592086191922528305789328602297721316080655613146532529", "type": "text", "disable_correlation": false, "to_ids": false, "category": "Other", "timestamp": "1574855887"}, {"uuid": "20322daa-30c4-44eb-9938-13b08881e7db", "object_relation": "n", "value": "9877405594004307151090483351460802638092897005644167770721041748334689904589416307592235566491465900269110598811952175149522962798012089874883089859033663", "type": "text", "disable_correlation": true, "to_ids": false, "category": "Other", "timestamp": "1574855887"}, {"uuid": "f3df12ec-f913-4989-8b8c-12993494855f", "object_relation": "rsa-modulus-size", "value": "512", "type": "text", "disable_correlation": true, "to_ids": false, "category": "Other", "timestamp": "1574855887"}, {"uuid": "845397cb-5251-4589-adae-d4cee950f45e", "object_relation": "type", "value": "RSA", "type": "text", "disable_correlation": true, "to_ids": false, "category": "Other", "timestamp": "1574855887"}], "distribution": "5", "sharing_group_id": "0"}, {"name": "x509", "meta-category": "network", "template_uuid": "d1ab756a-26b5-4349-9f43-765630f0911c", "description": "x509 object describing a X.509 certificate", "template_version": "11", "uuid": "2243c381-337a-4ab6-a00d-34e55e445cce", "ObjectReference": [{"object_uuid": "2243c381-337a-4ab6-a00d-34e55e445cce", "referenced_uuid": "dcbdae2c-4aea-473c-8f92-5208abac5a97", "relationship_type": "uses"}], "Attribute": [{"uuid": "27b66cb6-54c6-42a1-a426-65f9281ae387", "object_relation": "x509-fingerprint-sha1", "value": "8a32923547eb40d815f5cdf48f0ddd2d8f24e884", "type": "x509-fingerprint-sha1", "disable_correlation": false, "to_ids": true, "category": "Network activity", "timestamp": "1574855888"}, {"uuid": "1f39e0a4-7ffd-4e2a-8107-d78f54b06ecf", "object_relation": "subject", "value": "CN=SMB,O=TPLINK,L=SZ,ST=GZ,C=CN", "type": "text", "disable_correlation": false, "to_ids": false, "category": "Other", "timestamp": "1574855888"}, {"uuid": "e311a24e-ba90-488d-a602-ef4463451fb1", "object_relation": "issuer", "value": "CN=SMB,O=TPLINK,L=SZ,ST=GZ,C=CN", "type": "text", "disable_correlation": true, "to_ids": false, "category": "Other", "timestamp": "1574855888"}], "distribution": "5", "sharing_group_id": "0"}], "info": "Snake-Oil-Crypto Daily output 2019-11-27", "threat_level_id": "3", "analysis": "0", "published": false, "date": "2019-11-27", "id": "598", "uuid": "515189de-a048-4ae2-8d8f-5d70da93c264", "Orgc": {"name": "Snake-Oil-Organization", "uuid": "5d0bbcf9-3cd4-4d09-8a0c-5a3206b9c121"}}}