{"Event": {"Tag": [{"colour": "#ffffff", "name": "tlp:white"}, {"colour": "#ff00ff", "name": "d4-crypto-feed"}], "Object": [{"name": "crypto-material", "meta-category": "misc", "template_uuid": "50677f82-ec9c-4484-bb29-2519cfe56823", "description": "Cryptographic materials such as public or/and private keys.", "template_version": "3", "uuid": "6381a3d1-9697-4017-8146-6372e10bc0f5", "Attribute": [{"uuid": "ce984fb6-18d3-4a5f-a391-6cb0e238f361", "object_relation": "p", "value": "110892933040619905407364523650622482623578150586430530260579656472626547746463", "type": "text", "disable_correlation": false, "to_ids": false, "category": "Other", "timestamp": "1574855800"}, {"uuid": "28c889ff-0124-4432-a3f1-dfa9df5d50f6", "object_relation": "n", "value": "11066058818280433311905708226559338380779599585958517254264799765895370661118647901458085456364546593470687310031441827402374399324497410558406731758518471", "type": "text", "disable_correlation": true, "to_ids": false, "category": "Other", "timestamp": "1574855800"}, {"uuid": "0888dbcd-822c-4ee9-bcce-04c6c2927d4e", "object_relation": "rsa-modulus-size", "value": "512", "type": "text", "disable_correlation": true, "to_ids": false, "category": "Other", "timestamp": "1574855800"}, {"uuid": "aa4fa2d1-f9c3-4843-bc98-369d5fe93d88", "object_relation": "type", "value": "RSA", "type": "text", "disable_correlation": true, "to_ids": false, "category": "Other", "timestamp": "1574855800"}], "distribution": "5", "sharing_group_id": "0"}, {"name": "x509", "meta-category": "network", "template_uuid": "d1ab756a-26b5-4349-9f43-765630f0911c", "description": "x509 object describing a X.509 certificate", "template_version": "11", "uuid": "afb248b7-e8ab-4b0e-970d-ae2d608101bf", "ObjectReference": [{"object_uuid": "afb248b7-e8ab-4b0e-970d-ae2d608101bf", "referenced_uuid": "6381a3d1-9697-4017-8146-6372e10bc0f5", "relationship_type": "uses"}], "Attribute": [{"uuid": "0a95563d-cd48-405b-bd1c-647e67a538b4", "object_relation": "x509-fingerprint-sha1", "value": "1dd9b516f4f246d49a91b867269fdc2c20a265ec", "type": "x509-fingerprint-sha1", "disable_correlation": false, "to_ids": true, "category": "Network activity", "timestamp": "1574855801"}, {"uuid": "93878892-a7c1-4662-8a35-6a899da6e5c1", "object_relation": "subject", "value": "CN=SMB,O=TPLINK,L=SZ,ST=GZ,C=CN", "type": "text", "disable_correlation": false, "to_ids": false, "category": "Other", "timestamp": "1574855801"}, {"uuid": "e5eede2c-fbc2-4d34-9c7a-efa96196d96b", "object_relation": "issuer", "value": "CN=SMB,O=TPLINK,L=SZ,ST=GZ,C=CN", "type": "text", "disable_correlation": true, "to_ids": false, "category": "Other", "timestamp": "1574855801"}], "distribution": "5", "sharing_group_id": "0"}], "info": "Snake-Oil-Crypto Daily output 2019-11-27", "threat_level_id": "3", "analysis": "0", "published": false, "date": "2019-11-27", "id": "483", "uuid": "5154d4ee-f087-4406-976a-3cf79b083f1b", "Orgc": {"name": "Snake-Oil-Organization", "uuid": "5d0bbcf9-3cd4-4d09-8a0c-5a3206b9c121"}}}