{"Event": {"Tag": [{"colour": "#ffffff", "name": "tlp:white"}, {"colour": "#ff00ff", "name": "d4-crypto-feed"}], "Object": [{"name": "crypto-material", "meta-category": "misc", "template_uuid": "50677f82-ec9c-4484-bb29-2519cfe56823", "description": "Cryptographic materials such as public or/and private keys.", "template_version": "3", "uuid": "ee95c671-0e7e-425e-b08e-ba7b429b7d82", "Attribute": [{"uuid": "3999d0f6-9763-4468-a52e-a37327f7a84d", "object_relation": "p", "value": "110892933040619905407364523650622482623578150586430530260579656472626547746463", "type": "text", "disable_correlation": false, "to_ids": false, "category": "Other", "timestamp": "1574855550"}, {"uuid": "234a1f1b-8bf7-45f0-b992-a16e3f08d723", "object_relation": "n", "value": "12487869964204131743188195784944169177698102909616074708669436109186091386749530448326863804632296886668442782668661068605212651618380132466990456431254959", "type": "text", "disable_correlation": true, "to_ids": false, "category": "Other", "timestamp": "1574855550"}, {"uuid": "b6466da6-a3e7-42e0-9e16-735a7bec8d98", "object_relation": "rsa-modulus-size", "value": "512", "type": "text", "disable_correlation": true, "to_ids": false, "category": "Other", "timestamp": "1574855550"}, {"uuid": "11a2ea13-7ef3-4a74-b991-608c8227b37c", "object_relation": "type", "value": "RSA", "type": "text", "disable_correlation": true, "to_ids": false, "category": "Other", "timestamp": "1574855550"}], "distribution": "5", "sharing_group_id": "0"}, {"name": "x509", "meta-category": "network", "template_uuid": "d1ab756a-26b5-4349-9f43-765630f0911c", "description": "x509 object describing a X.509 certificate", "template_version": "11", "uuid": "52b0fa89-1aa9-43f2-b264-bdbcc2e2f889", "ObjectReference": [{"object_uuid": "52b0fa89-1aa9-43f2-b264-bdbcc2e2f889", "referenced_uuid": "ee95c671-0e7e-425e-b08e-ba7b429b7d82", "relationship_type": "uses"}], "Attribute": [{"uuid": "c0e4d952-a1f4-4912-9c61-7aef45ab19c6", "object_relation": "x509-fingerprint-sha1", "value": "8ae3ae60ef3c1c0e5b8d9e259ca3be3e3acfece1", "type": "x509-fingerprint-sha1", "disable_correlation": false, "to_ids": true, "category": "Network activity", "timestamp": "1574855550"}, {"uuid": "cd94da2f-e61c-4038-8d1a-040d0cfaeff7", "object_relation": "subject", "value": "CN=SMB,O=TPLINK,L=SZ,ST=GZ,C=CN", "type": "text", "disable_correlation": false, "to_ids": false, "category": "Other", "timestamp": "1574855550"}, {"uuid": "f24eba7b-fc65-4cfb-a484-4c91d209d064", "object_relation": "issuer", "value": "CN=SMB,O=TPLINK,L=SZ,ST=GZ,C=CN", "type": "text", "disable_correlation": true, "to_ids": false, "category": "Other", "timestamp": "1574855550"}], "distribution": "5", "sharing_group_id": "0"}], "info": "Snake-Oil-Crypto Daily output 2019-11-27", "threat_level_id": "3", "analysis": "0", "published": false, "date": "2019-11-27", "id": "20", "uuid": "5b512fc6-f682-4cab-823e-1856c399793e", "Orgc": {"name": "Snake-Oil-Organization", "uuid": "5d0bbcf9-3cd4-4d09-8a0c-5a3206b9c121"}}}