{"Event": {"Tag": [{"colour": "#ffffff", "name": "tlp:white"}, {"colour": "#ff00ff", "name": "d4-crypto-feed"}], "Object": [{"name": "crypto-material", "meta-category": "misc", "template_uuid": "50677f82-ec9c-4484-bb29-2519cfe56823", "description": "Cryptographic materials such as public or/and private keys.", "template_version": "3", "uuid": "92304bd0-74e5-422f-a405-8a5952308ada", "Attribute": [{"uuid": "f5cd7e2d-d148-492d-88a6-bd55262ca68c", "object_relation": "p", "value": "97777692968769194958261375224598214164093037977827902574496427263991097810759", "type": "text", "disable_correlation": false, "to_ids": false, "category": "Other", "timestamp": "1574855547"}, {"uuid": "00d5a3a3-9ef5-4384-bcfb-9c2e14ec4bf3", "object_relation": "n", "value": "11277985549529087836353668906075374081112492690437288555098407327376618201950886248138486398527729809325192389353517076013162073913692545866833004547966501", "type": "text", "disable_correlation": true, "to_ids": false, "category": "Other", "timestamp": "1574855547"}, {"uuid": "7e9177c1-3f11-422a-83c6-4184d417999b", "object_relation": "rsa-modulus-size", "value": "512", "type": "text", "disable_correlation": true, "to_ids": false, "category": "Other", "timestamp": "1574855547"}, {"uuid": "b817455f-2496-4665-9a74-988ad68ea409", "object_relation": "type", "value": "RSA", "type": "text", "disable_correlation": true, "to_ids": false, "category": "Other", "timestamp": "1574855547"}], "distribution": "5", "sharing_group_id": "0"}, {"name": "x509", "meta-category": "network", "template_uuid": "d1ab756a-26b5-4349-9f43-765630f0911c", "description": "x509 object describing a X.509 certificate", "template_version": "11", "uuid": "11d6b706-306b-402e-816b-0e0516a68693", "ObjectReference": [{"object_uuid": "11d6b706-306b-402e-816b-0e0516a68693", "referenced_uuid": "92304bd0-74e5-422f-a405-8a5952308ada", "relationship_type": "uses"}], "Attribute": [{"uuid": "445b2f49-4918-4ec1-9616-57121dcaad1e", "object_relation": "x509-fingerprint-sha1", "value": "1d6592923b3d583752dd3c8500f900610e555405", "type": "x509-fingerprint-sha1", "disable_correlation": false, "to_ids": true, "category": "Network activity", "timestamp": "1574855548"}, {"uuid": "cb227fee-a039-4bfb-bef4-6e830b5f9a09", "object_relation": "subject", "value": "CN=SMB,O=TPLINK,L=SZ,ST=GZ,C=CN", "type": "text", "disable_correlation": false, "to_ids": false, "category": "Other", "timestamp": "1574855548"}, {"uuid": "5cc7ba1b-8639-4126-b058-ded41cd3d188", "object_relation": "issuer", "value": "CN=SMB,O=TPLINK,L=SZ,ST=GZ,C=CN", "type": "text", "disable_correlation": true, "to_ids": false, "category": "Other", "timestamp": "1574855548"}], "distribution": "5", "sharing_group_id": "0"}], "info": "Snake-Oil-Crypto Daily output 2019-11-27", "threat_level_id": "3", "analysis": "0", "published": false, "date": "2019-11-27", "id": "14", "uuid": "5dd0cf4c-a1b5-4f06-823e-96e66f1c8730", "Orgc": {"name": "Snake-Oil-Organization", "uuid": "5d0bbcf9-3cd4-4d09-8a0c-5a3206b9c121"}}}