{"Event": {"Tag": [{"colour": "#ffffff", "name": "tlp:white"}, {"colour": "#ff00ff", "name": "d4-crypto-feed"}], "Object": [{"name": "crypto-material", "meta-category": "misc", "template_uuid": "50677f82-ec9c-4484-bb29-2519cfe56823", "description": "Cryptographic materials such as public or/and private keys.", "template_version": "3", "uuid": "46cae7ac-20cc-4364-a0bb-cfd3ad289702", "Attribute": [{"uuid": "df780e55-d16b-4a6f-9490-1c24c1f3c89c", "object_relation": "p", "value": "90718438582175330230827251415516025115046239050922322380814243448737336027083", "type": "text", "disable_correlation": false, "to_ids": false, "category": "Other", "timestamp": "1574855558"}, {"uuid": "3e41c3e0-8c6b-4cf2-8452-f4cabf9aceac", "object_relation": "n", "value": "8516069124317573201052509640631828638355877488937959602504389652233244379696529350191182277245999434999825176329590086790060612192432185683710790600166649", "type": "text", "disable_correlation": true, "to_ids": false, "category": "Other", "timestamp": "1574855558"}, {"uuid": "2b440a2f-5c8d-42a2-9b00-e65919c0b65d", "object_relation": "rsa-modulus-size", "value": "512", "type": "text", "disable_correlation": true, "to_ids": false, "category": "Other", "timestamp": "1574855558"}, {"uuid": "f8f4b1f8-0f11-4b7b-8364-76efd0490dd7", "object_relation": "type", "value": "RSA", "type": "text", "disable_correlation": true, "to_ids": false, "category": "Other", "timestamp": "1574855558"}], "distribution": "5", "sharing_group_id": "0"}, {"name": "x509", "meta-category": "network", "template_uuid": "d1ab756a-26b5-4349-9f43-765630f0911c", "description": "x509 object describing a X.509 certificate", "template_version": "11", "uuid": "4325e5f8-faec-4091-906d-421355c79050", "ObjectReference": [{"object_uuid": "4325e5f8-faec-4091-906d-421355c79050", "referenced_uuid": "46cae7ac-20cc-4364-a0bb-cfd3ad289702", "relationship_type": "uses"}], "Attribute": [{"uuid": "cbbbc33e-9e84-486f-a601-de48cbe7ff00", "object_relation": "x509-fingerprint-sha1", "value": "f12f958a2c4ed1b0c83ed86af4098da624f9d78b", "type": "x509-fingerprint-sha1", "disable_correlation": false, "to_ids": true, "category": "Network activity", "timestamp": "1574855559"}, {"uuid": "5816cdd6-a8c6-4b43-8e56-3b89a71decda", "object_relation": "subject", "value": "CN=SMB,O=TPLINK,L=SZ,ST=GZ,C=CN", "type": "text", "disable_correlation": false, "to_ids": false, "category": "Other", "timestamp": "1574855559"}, {"uuid": "ea783c47-4594-44c6-968e-86643b4102e3", "object_relation": "issuer", "value": "CN=SMB,O=TPLINK,L=SZ,ST=GZ,C=CN", "type": "text", "disable_correlation": true, "to_ids": false, "category": "Other", "timestamp": "1574855559"}], "distribution": "5", "sharing_group_id": "0"}], "info": "Snake-Oil-Crypto Daily output 2019-11-27", "threat_level_id": "3", "analysis": "0", "published": false, "date": "2019-11-27", "id": "47", "uuid": "60aead15-6ccf-4d26-89a5-2f8e6bbed45d", "Orgc": {"name": "Snake-Oil-Organization", "uuid": "5d0bbcf9-3cd4-4d09-8a0c-5a3206b9c121"}}}