{"Event": {"Tag": [{"colour": "#ffffff", "name": "tlp:white"}, {"colour": "#ff00ff", "name": "d4-crypto-feed"}], "Object": [{"name": "crypto-material", "meta-category": "misc", "template_uuid": "50677f82-ec9c-4484-bb29-2519cfe56823", "description": "Cryptographic materials such as public or/and private keys.", "template_version": "3", "uuid": "323043d0-5c0d-4afd-b27a-bd1bdd7a8803", "Attribute": [{"uuid": "f7552fb9-3de0-4bba-9a54-6f12d3a004ab", "object_relation": "p", "value": "91267687622193202587704592086191922528305789328602297721316080655613146532529", "type": "text", "disable_correlation": false, "to_ids": false, "category": "Other", "timestamp": "1574856326"}, {"uuid": "d27f1b62-775c-465e-93d5-a38ce6fd975a", "object_relation": "n", "value": "9025207923195414250449912909397030747015090569962932427887512234022326958755108664597571825343587815022009437065525640455451678069753155707294159337427693", "type": "text", "disable_correlation": true, "to_ids": false, "category": "Other", "timestamp": "1574856326"}, {"uuid": "b96db354-565a-4d3a-a273-98480de0d695", "object_relation": "rsa-modulus-size", "value": "512", "type": "text", "disable_correlation": true, "to_ids": false, "category": "Other", "timestamp": "1574856326"}, {"uuid": "8ee541e4-8228-4cf8-8130-b92d21600989", "object_relation": "type", "value": "RSA", "type": "text", "disable_correlation": true, "to_ids": false, "category": "Other", "timestamp": "1574856326"}], "distribution": "5", "sharing_group_id": "0"}, {"name": "x509", "meta-category": "network", "template_uuid": "d1ab756a-26b5-4349-9f43-765630f0911c", "description": "x509 object describing a X.509 certificate", "template_version": "11", "uuid": "234e9e26-7638-477b-8863-8b75b09e13f6", "ObjectReference": [{"object_uuid": "234e9e26-7638-477b-8863-8b75b09e13f6", "referenced_uuid": "323043d0-5c0d-4afd-b27a-bd1bdd7a8803", "relationship_type": "uses"}], "Attribute": [{"uuid": "893c63ba-d030-4257-b2be-6eaa237b58bb", "object_relation": "x509-fingerprint-sha1", "value": "256210210cc4afffda60cc4a70c4a2f9313ef7d5", "type": "x509-fingerprint-sha1", "disable_correlation": false, "to_ids": true, "category": "Network activity", "timestamp": "1574856326"}, {"uuid": "c1558746-729a-4c56-a6df-0de75ba65b33", "object_relation": "subject", "value": "CN=SMB,O=TPLINK,L=SZ,ST=GZ,C=CN", "type": "text", "disable_correlation": false, "to_ids": false, "category": "Other", "timestamp": "1574856326"}, {"uuid": "9be4698b-42b4-43df-a769-1e7e041c4edf", "object_relation": "issuer", "value": "CN=SMB,O=TPLINK,L=SZ,ST=GZ,C=CN", "type": "text", "disable_correlation": true, "to_ids": false, "category": "Other", "timestamp": "1574856326"}], "distribution": "5", "sharing_group_id": "0"}], "info": "Snake-Oil-Crypto Daily output 2019-11-27", "threat_level_id": "3", "analysis": "0", "published": false, "date": "2019-11-27", "id": "1160", "uuid": "6395a518-dfc0-427c-b9c1-1cecd6287fd8", "Orgc": {"name": "Snake-Oil-Organization", "uuid": "5d0bbcf9-3cd4-4d09-8a0c-5a3206b9c121"}}}