{"Event": {"Tag": [{"colour": "#ffffff", "name": "tlp:white"}, {"colour": "#ff00ff", "name": "d4-crypto-feed"}], "Object": [{"name": "crypto-material", "meta-category": "misc", "template_uuid": "50677f82-ec9c-4484-bb29-2519cfe56823", "description": "Cryptographic materials such as public or/and private keys.", "template_version": "3", "uuid": "7a804c4e-bf3b-4804-8cdb-f89388d20d0c", "Attribute": [{"uuid": "69389721-e185-4b92-be05-d2ed769840b8", "object_relation": "p", "value": "91267687622193202587704592086191922528305789328602297721316080655613146532529", "type": "text", "disable_correlation": false, "to_ids": false, "category": "Other", "timestamp": "1574855915"}, {"uuid": "645e5ecb-9caf-4237-bc28-6ebfd186fb86", "object_relation": "n", "value": "8317519645385349648238876433268545646435082230492949534023649857384351090460818465350772904649650853209877203138984581063437369221001306180980742304288703", "type": "text", "disable_correlation": true, "to_ids": false, "category": "Other", "timestamp": "1574855915"}, {"uuid": "f41d1e6e-bb38-4d8b-b9c3-4573d7f72e0a", "object_relation": "rsa-modulus-size", "value": "512", "type": "text", "disable_correlation": true, "to_ids": false, "category": "Other", "timestamp": "1574855915"}, {"uuid": "1b46067d-3621-4c41-a4d0-a860c2f961b2", "object_relation": "type", "value": "RSA", "type": "text", "disable_correlation": true, "to_ids": false, "category": "Other", "timestamp": "1574855915"}], "distribution": "5", "sharing_group_id": "0"}, {"name": "x509", "meta-category": "network", "template_uuid": "d1ab756a-26b5-4349-9f43-765630f0911c", "description": "x509 object describing a X.509 certificate", "template_version": "11", "uuid": "71d50d01-6c11-48ed-bac2-b1835d0d7740", "ObjectReference": [{"object_uuid": "71d50d01-6c11-48ed-bac2-b1835d0d7740", "referenced_uuid": "7a804c4e-bf3b-4804-8cdb-f89388d20d0c", "relationship_type": "uses"}], "Attribute": [{"uuid": "252d4596-eb89-4562-a86b-762a47afaaf5", "object_relation": "x509-fingerprint-sha1", "value": "8aaba31a791c477be76a21e7ebbf4b4eb44f6617", "type": "x509-fingerprint-sha1", "disable_correlation": false, "to_ids": true, "category": "Network activity", "timestamp": "1574855916"}, {"uuid": "129c6617-0699-4bf3-8462-10cf8c4c8f9d", "object_relation": "subject", "value": "CN=SMB,O=TPLINK,L=SZ,ST=GZ,C=CN", "type": "text", "disable_correlation": false, "to_ids": false, "category": "Other", "timestamp": "1574855916"}, {"uuid": "88f13e1a-8828-4b28-9d73-1c96c71c3ade", "object_relation": "issuer", "value": "CN=SMB,O=TPLINK,L=SZ,ST=GZ,C=CN", "type": "text", "disable_correlation": true, "to_ids": false, "category": "Other", "timestamp": "1574855916"}], "distribution": "5", "sharing_group_id": "0"}], "info": "Snake-Oil-Crypto Daily output 2019-11-27", "threat_level_id": "3", "analysis": "0", "published": false, "date": "2019-11-27", "id": "628", "uuid": "683d11bb-9b76-4baa-b473-b7422bea329f", "Orgc": {"name": "Snake-Oil-Organization", "uuid": "5d0bbcf9-3cd4-4d09-8a0c-5a3206b9c121"}}}