{"Event": {"Tag": [{"colour": "#ffffff", "name": "tlp:white"}, {"colour": "#ff00ff", "name": "d4-crypto-feed"}], "Object": [{"name": "crypto-material", "meta-category": "misc", "template_uuid": "50677f82-ec9c-4484-bb29-2519cfe56823", "description": "Cryptographic materials such as public or/and private keys.", "template_version": "3", "uuid": "be3c3e68-3b97-4aa3-bce3-8b10a7bb5c80", "Attribute": [{"uuid": "4387125d-83b3-4b4a-bec4-f29963d4efb0", "object_relation": "p", "value": "94995446397002370325598245326950352611471653035711433824897454910966919944069", "type": "text", "disable_correlation": false, "to_ids": false, "category": "Other", "timestamp": "1574856335"}, {"uuid": "3b1fd744-fe98-433e-952f-e9318b3a9017", "object_relation": "n", "value": "8644754324531941324368593938124656468377640318905407812794624729578551212836098351473729081557744462119213638094682877273801951370437638105999843014197973", "type": "text", "disable_correlation": true, "to_ids": false, "category": "Other", "timestamp": "1574856335"}, {"uuid": "2b33c39d-a3ee-4045-804c-c19f2fc7443d", "object_relation": "rsa-modulus-size", "value": "512", "type": "text", "disable_correlation": true, "to_ids": false, "category": "Other", "timestamp": "1574856335"}, {"uuid": "0af6e7f3-7147-4eda-87a1-b67e4e96e9ed", "object_relation": "type", "value": "RSA", "type": "text", "disable_correlation": true, "to_ids": false, "category": "Other", "timestamp": "1574856335"}], "distribution": "5", "sharing_group_id": "0"}, {"name": "x509", "meta-category": "network", "template_uuid": "d1ab756a-26b5-4349-9f43-765630f0911c", "description": "x509 object describing a X.509 certificate", "template_version": "11", "uuid": "60b4b08c-b4fb-4101-a609-b8b844374aba", "ObjectReference": [{"object_uuid": "60b4b08c-b4fb-4101-a609-b8b844374aba", "referenced_uuid": "be3c3e68-3b97-4aa3-bce3-8b10a7bb5c80", "relationship_type": "uses"}], "Attribute": [{"uuid": "f63bab04-dbd6-4704-9c35-6c145e7235f2", "object_relation": "x509-fingerprint-sha1", "value": "f995241580d2da75a0bd8ced3aab9158f728561e", "type": "x509-fingerprint-sha1", "disable_correlation": false, "to_ids": true, "category": "Network activity", "timestamp": "1574856335"}, {"uuid": "c919ce46-334a-4b74-a747-bbab727c8343", "object_relation": "subject", "value": "CN=SMB,O=TPLINK,L=SZ,ST=GZ,C=CN", "type": "text", "disable_correlation": false, "to_ids": false, "category": "Other", "timestamp": "1574856335"}, {"uuid": "c4322940-5ef9-4eed-a753-033c7c88be0f", "object_relation": "issuer", "value": "CN=SMB,O=TPLINK,L=SZ,ST=GZ,C=CN", "type": "text", "disable_correlation": true, "to_ids": false, "category": "Other", "timestamp": "1574856335"}], "distribution": "5", "sharing_group_id": "0"}], "info": "Snake-Oil-Crypto Daily output 2019-11-27", "threat_level_id": "3", "analysis": "0", "published": false, "date": "2019-11-27", "id": "1173", "uuid": "788fb468-d715-4352-9074-409fae99b235", "Orgc": {"name": "Snake-Oil-Organization", "uuid": "5d0bbcf9-3cd4-4d09-8a0c-5a3206b9c121"}}}