{"Event": {"Tag": [{"colour": "#ffffff", "name": "tlp:white"}, {"colour": "#ff00ff", "name": "d4-crypto-feed"}], "Object": [{"name": "crypto-material", "meta-category": "misc", "template_uuid": "50677f82-ec9c-4484-bb29-2519cfe56823", "description": "Cryptographic materials such as public or/and private keys.", "template_version": "3", "uuid": "dc1b56c2-b39c-4ede-a9d9-948043fe3357", "Attribute": [{"uuid": "0c85131f-5125-4da1-8c21-e09173b604f0", "object_relation": "p", "value": "97777692968769194958261375224598214164093037977827902574496427263991097810759", "type": "text", "disable_correlation": false, "to_ids": false, "category": "Other", "timestamp": "1574855685"}, {"uuid": "6e068e2b-e5f0-46cb-8bc8-5ea1b042e7fd", "object_relation": "n", "value": "10181597812402706247662869683916772521958678541656215514953668140206953497857188988878345103184675889953554371157053203689625344154551846405519734734034913", "type": "text", "disable_correlation": true, "to_ids": false, "category": "Other", "timestamp": "1574855685"}, {"uuid": "ba60da94-075f-4ced-aea0-d31af0ea2f0a", "object_relation": "rsa-modulus-size", "value": "512", "type": "text", "disable_correlation": true, "to_ids": false, "category": "Other", "timestamp": "1574855685"}, {"uuid": "f0dc787b-ade5-4eed-82b7-3d391561abe7", "object_relation": "type", "value": "RSA", "type": "text", "disable_correlation": true, "to_ids": false, "category": "Other", "timestamp": "1574855685"}], "distribution": "5", "sharing_group_id": "0"}, {"name": "x509", "meta-category": "network", "template_uuid": "d1ab756a-26b5-4349-9f43-765630f0911c", "description": "x509 object describing a X.509 certificate", "template_version": "11", "uuid": "4dc10cef-0151-43e2-8bed-2406e4b89e86", "ObjectReference": [{"object_uuid": "4dc10cef-0151-43e2-8bed-2406e4b89e86", "referenced_uuid": "dc1b56c2-b39c-4ede-a9d9-948043fe3357", "relationship_type": "uses"}], "Attribute": [{"uuid": "8fe69b6e-a89d-4d8d-9b75-93b0056d60c0", "object_relation": "x509-fingerprint-sha1", "value": "1d954d145d841600cea42f76bd2cdec9c5c97dfe", "type": "x509-fingerprint-sha1", "disable_correlation": false, "to_ids": true, "category": "Network activity", "timestamp": "1574855685"}, {"uuid": "3f1057ba-1bdc-4b34-adc8-6ea4581f6052", "object_relation": "subject", "value": "CN=SMB,O=TPLINK,L=SZ,ST=GZ,C=CN", "type": "text", "disable_correlation": false, "to_ids": false, "category": "Other", "timestamp": "1574855685"}, {"uuid": "65b47504-1d63-4d58-813b-783207cfbf22", "object_relation": "issuer", "value": "CN=SMB,O=TPLINK,L=SZ,ST=GZ,C=CN", "type": "text", "disable_correlation": true, "to_ids": false, "category": "Other", "timestamp": "1574855685"}], "distribution": "5", "sharing_group_id": "0"}], "info": "Snake-Oil-Crypto Daily output 2019-11-27", "threat_level_id": "3", "analysis": "0", "published": false, "date": "2019-11-27", "id": "310", "uuid": "92bb4369-b037-4840-9907-acefc58008c8", "Orgc": {"name": "Snake-Oil-Organization", "uuid": "5d0bbcf9-3cd4-4d09-8a0c-5a3206b9c121"}}}