{"Event": {"Tag": [{"colour": "#ffffff", "name": "tlp:white"}, {"colour": "#ff00ff", "name": "d4-crypto-feed"}], "Object": [{"name": "crypto-material", "meta-category": "misc", "template_uuid": "50677f82-ec9c-4484-bb29-2519cfe56823", "description": "Cryptographic materials such as public or/and private keys.", "template_version": "3", "uuid": "635adf2d-7312-435b-8b0a-2d8fe38d0790", "Attribute": [{"uuid": "b678c224-03b9-44c1-aefc-e33fccaae61d", "object_relation": "p", "value": "91267687622193202587704592086191922528305789328602297721316080655613146532529", "type": "text", "disable_correlation": false, "to_ids": false, "category": "Other", "timestamp": "1574855628"}, {"uuid": "497e8d8b-0fa1-48d0-b98b-2798317e635c", "object_relation": "n", "value": "9347907528749399312471190942683154724052046456274574777995313901796492262977270928962446886931854684337748804178747037250173888893545309721005114965799103", "type": "text", "disable_correlation": true, "to_ids": false, "category": "Other", "timestamp": "1574855628"}, {"uuid": "edf155c1-1586-4e47-975b-e905f959ab3f", "object_relation": "rsa-modulus-size", "value": "512", "type": "text", "disable_correlation": true, "to_ids": false, "category": "Other", "timestamp": "1574855628"}, {"uuid": "789e91e0-0ac1-4dcb-a36b-15f4890b13b6", "object_relation": "type", "value": "RSA", "type": "text", "disable_correlation": true, "to_ids": false, "category": "Other", "timestamp": "1574855628"}], "distribution": "5", "sharing_group_id": "0"}, {"name": "x509", "meta-category": "network", "template_uuid": "d1ab756a-26b5-4349-9f43-765630f0911c", "description": "x509 object describing a X.509 certificate", "template_version": "11", "uuid": "a2a02744-cf95-4986-9523-c473906838bc", "ObjectReference": [{"object_uuid": "a2a02744-cf95-4986-9523-c473906838bc", "referenced_uuid": "635adf2d-7312-435b-8b0a-2d8fe38d0790", "relationship_type": "uses"}], "Attribute": [{"uuid": "8a6fd7d4-4473-4ec3-a5d1-f68cb9ee2845", "object_relation": "x509-fingerprint-sha1", "value": "10c6642a7a32751fb89d0a9b460e45da0d5df298", "type": "x509-fingerprint-sha1", "disable_correlation": false, "to_ids": true, "category": "Network activity", "timestamp": "1574855629"}, {"uuid": "9e323739-3f45-4834-9307-8af63876a179", "object_relation": "subject", "value": "CN=SMB,O=TPLINK,L=SZ,ST=GZ,C=CN", "type": "text", "disable_correlation": false, "to_ids": false, "category": "Other", "timestamp": "1574855629"}, {"uuid": "088f8653-63c4-4d83-9c63-16eddfd80a7f", "object_relation": "issuer", "value": "CN=SMB,O=TPLINK,L=SZ,ST=GZ,C=CN", "type": "text", "disable_correlation": true, "to_ids": false, "category": "Other", "timestamp": "1574855629"}], "distribution": "5", "sharing_group_id": "0"}], "info": "Snake-Oil-Crypto Daily output 2019-11-27", "threat_level_id": "3", "analysis": "0", "published": false, "date": "2019-11-27", "id": "206", "uuid": "949b8906-5eba-41ed-9972-1036093f61f8", "Orgc": {"name": "Snake-Oil-Organization", "uuid": "5d0bbcf9-3cd4-4d09-8a0c-5a3206b9c121"}}}