{"Event": {"Tag": [{"colour": "#ffffff", "name": "tlp:white"}, {"colour": "#ff00ff", "name": "d4-crypto-feed"}], "Object": [{"name": "crypto-material", "meta-category": "misc", "template_uuid": "50677f82-ec9c-4484-bb29-2519cfe56823", "description": "Cryptographic materials such as public or/and private keys.", "template_version": "3", "uuid": "0ee473d0-8edd-4349-b1a6-16e361de650d", "Attribute": [{"uuid": "0f092d09-3442-48fb-9279-4a9a5765a9dc", "object_relation": "p", "value": "91267687622193202587704592086191922528305789328602297721316080655613146532529", "type": "text", "disable_correlation": false, "to_ids": false, "category": "Other", "timestamp": "1574855768"}, {"uuid": "8eb532ec-4561-4f4e-9007-80d590fc35ad", "object_relation": "n", "value": "9405826783700102501951225261736787981466667685958301301846515587711765374803952862676983667284666170412342279074198792524081259549064846793865862373384391", "type": "text", "disable_correlation": true, "to_ids": false, "category": "Other", "timestamp": "1574855768"}, {"uuid": "11d36b38-870f-429d-84a1-888a970b2d74", "object_relation": "rsa-modulus-size", "value": "512", "type": "text", "disable_correlation": true, "to_ids": false, "category": "Other", "timestamp": "1574855768"}, {"uuid": "ad2750d2-0e88-46a0-af0c-916d1df3fb45", "object_relation": "type", "value": "RSA", "type": "text", "disable_correlation": true, "to_ids": false, "category": "Other", "timestamp": "1574855768"}], "distribution": "5", "sharing_group_id": "0"}, {"name": "x509", "meta-category": "network", "template_uuid": "d1ab756a-26b5-4349-9f43-765630f0911c", "description": "x509 object describing a X.509 certificate", "template_version": "11", "uuid": "ff4a4104-c96b-449a-aab4-1d88cf287840", "ObjectReference": [{"object_uuid": "ff4a4104-c96b-449a-aab4-1d88cf287840", "referenced_uuid": "0ee473d0-8edd-4349-b1a6-16e361de650d", "relationship_type": "uses"}], "Attribute": [{"uuid": "e8e4b404-3429-445c-a744-4491f8fdb43c", "object_relation": "x509-fingerprint-sha1", "value": "1db5d8b0c004d78d96bbebc583bd63e3f4e81ba8", "type": "x509-fingerprint-sha1", "disable_correlation": false, "to_ids": true, "category": "Network activity", "timestamp": "1574855768"}, {"uuid": "aa4232f3-816c-4a68-b123-4c3a8a2f1c68", "object_relation": "subject", "value": "CN=SMB,O=TPLINK,L=SZ,ST=GZ,C=CN", "type": "text", "disable_correlation": false, "to_ids": false, "category": "Other", "timestamp": "1574855768"}, {"uuid": "47cb6733-9086-439f-a036-24fcd61dd997", "object_relation": "issuer", "value": "CN=SMB,O=TPLINK,L=SZ,ST=GZ,C=CN", "type": "text", "disable_correlation": true, "to_ids": false, "category": "Other", "timestamp": "1574855768"}], "distribution": "5", "sharing_group_id": "0"}], "info": "Snake-Oil-Crypto Daily output 2019-11-27", "threat_level_id": "3", "analysis": "0", "published": false, "date": "2019-11-27", "id": "440", "uuid": "a5910a80-6f8c-4697-aa63-4639d78ab4dd", "Orgc": {"name": "Snake-Oil-Organization", "uuid": "5d0bbcf9-3cd4-4d09-8a0c-5a3206b9c121"}}}