{"Event": {"Tag": [{"colour": "#ffffff", "name": "tlp:white"}, {"colour": "#ff00ff", "name": "d4-crypto-feed"}], "Object": [{"name": "crypto-material", "meta-category": "misc", "template_uuid": "50677f82-ec9c-4484-bb29-2519cfe56823", "description": "Cryptographic materials such as public or/and private keys.", "template_version": "3", "uuid": "102955f8-0454-41be-8f9b-cc01a89218ce", "Attribute": [{"uuid": "247b52eb-c43e-477f-b1ae-7bdd8f2d36ac", "object_relation": "p", "value": "91267687622193202587704592086191922528305789328602297721316080655613146532529", "type": "text", "disable_correlation": false, "to_ids": false, "category": "Other", "timestamp": "1574856287"}, {"uuid": "b0e7876d-4805-4142-86e5-dc71694da14e", "object_relation": "n", "value": "9909700816602079025681573766426054938437663243807102498894651004635612727364204726710392875997095388734990676644720371759143187004694212155383328120296747", "type": "text", "disable_correlation": true, "to_ids": false, "category": "Other", "timestamp": "1574856287"}, {"uuid": "0b82bcd0-9bb4-4f96-85b9-7e36bcd5e4e7", "object_relation": "rsa-modulus-size", "value": "512", "type": "text", "disable_correlation": true, "to_ids": false, "category": "Other", "timestamp": "1574856287"}, {"uuid": "8bc0eb8c-0c78-419d-afdd-1047536a7ff5", "object_relation": "type", "value": "RSA", "type": "text", "disable_correlation": true, "to_ids": false, "category": "Other", "timestamp": "1574856287"}], "distribution": "5", "sharing_group_id": "0"}, {"name": "x509", "meta-category": "network", "template_uuid": "d1ab756a-26b5-4349-9f43-765630f0911c", "description": "x509 object describing a X.509 certificate", "template_version": "11", "uuid": "e5d8902c-8e9b-464b-acfa-2a13d73ad8ba", "ObjectReference": [{"object_uuid": "e5d8902c-8e9b-464b-acfa-2a13d73ad8ba", "referenced_uuid": "102955f8-0454-41be-8f9b-cc01a89218ce", "relationship_type": "uses"}], "Attribute": [{"uuid": "b7e805d8-4a7b-4103-8eb9-bad1669cbc76", "object_relation": "x509-fingerprint-sha1", "value": "252633951352bdcb2b9380a85f42427822102134", "type": "x509-fingerprint-sha1", "disable_correlation": false, "to_ids": true, "category": "Network activity", "timestamp": "1574856288"}, {"uuid": "a5cbb865-4fab-4243-a95a-b868ab12fc2e", "object_relation": "subject", "value": "CN=SMB,O=TPLINK,L=SZ,ST=GZ,C=CN", "type": "text", "disable_correlation": false, "to_ids": false, "category": "Other", "timestamp": "1574856288"}, {"uuid": "5f7faf54-db5f-494d-8c96-16ec65f63809", "object_relation": "issuer", "value": "CN=SMB,O=TPLINK,L=SZ,ST=GZ,C=CN", "type": "text", "disable_correlation": true, "to_ids": false, "category": "Other", "timestamp": "1574856288"}], "distribution": "5", "sharing_group_id": "0"}], "info": "Snake-Oil-Crypto Daily output 2019-11-27", "threat_level_id": "3", "analysis": "0", "published": false, "date": "2019-11-27", "id": "1102", "uuid": "ab07547b-1027-48c3-bf0a-a19aa6705c79", "Orgc": {"name": "Snake-Oil-Organization", "uuid": "5d0bbcf9-3cd4-4d09-8a0c-5a3206b9c121"}}}