{"Event": {"Tag": [{"colour": "#ffffff", "name": "tlp:white"}, {"colour": "#ff00ff", "name": "d4-crypto-feed"}], "Object": [{"name": "crypto-material", "meta-category": "misc", "template_uuid": "50677f82-ec9c-4484-bb29-2519cfe56823", "description": "Cryptographic materials such as public or/and private keys.", "template_version": "3", "uuid": "79c8bfb8-ed1d-477e-8822-ddb1e203ee11", "Attribute": [{"uuid": "d14c5962-0165-4686-bb28-5efed8e80527", "object_relation": "p", "value": "92000278946646031242257662079322135524717353783282903464774457919543535439103", "type": "text", "disable_correlation": false, "to_ids": false, "category": "Other", "timestamp": "1574855636"}, {"uuid": "c1aacad1-d77f-4493-8ef2-feee5f7d9e14", "object_relation": "n", "value": "9467217204720275313038289150360533767238188100452017999323919875445510257517688454041114226923506286266149268778186091866221376287879808808076755877554647", "type": "text", "disable_correlation": true, "to_ids": false, "category": "Other", "timestamp": "1574855636"}, {"uuid": "657e0abd-3d26-4831-8b2c-f941aada9b9b", "object_relation": "rsa-modulus-size", "value": "512", "type": "text", "disable_correlation": true, "to_ids": false, "category": "Other", "timestamp": "1574855636"}, {"uuid": "84cd7714-1ccf-4cbe-a8fe-3d757e76457c", "object_relation": "type", "value": "RSA", "type": "text", "disable_correlation": true, "to_ids": false, "category": "Other", "timestamp": "1574855636"}], "distribution": "5", "sharing_group_id": "0"}, {"name": "x509", "meta-category": "network", "template_uuid": "d1ab756a-26b5-4349-9f43-765630f0911c", "description": "x509 object describing a X.509 certificate", "template_version": "11", "uuid": "b4402daa-95de-413a-88ef-4ba217c37c0a", "ObjectReference": [{"object_uuid": "b4402daa-95de-413a-88ef-4ba217c37c0a", "referenced_uuid": "79c8bfb8-ed1d-477e-8822-ddb1e203ee11", "relationship_type": "uses"}], "Attribute": [{"uuid": "7c865627-2eef-45ce-b5fe-4401d852bc39", "object_relation": "x509-fingerprint-sha1", "value": "10e6215f3a0d7e360ba5a7b89abec52dc5381b3b", "type": "x509-fingerprint-sha1", "disable_correlation": false, "to_ids": true, "category": "Network activity", "timestamp": "1574855637"}, {"uuid": "a21589ec-b0b6-421c-aa3d-69c78eb072f5", "object_relation": "subject", "value": "CN=SMB,O=TPLINK,L=SZ,ST=GZ,C=CN", "type": "text", "disable_correlation": false, "to_ids": false, "category": "Other", "timestamp": "1574855637"}, {"uuid": "484636ae-fe1a-4403-886d-7064b0949c87", "object_relation": "issuer", "value": "CN=SMB,O=TPLINK,L=SZ,ST=GZ,C=CN", "type": "text", "disable_correlation": true, "to_ids": false, "category": "Other", "timestamp": "1574855637"}], "distribution": "5", "sharing_group_id": "0"}], "info": "Snake-Oil-Crypto Daily output 2019-11-27", "threat_level_id": "3", "analysis": "0", "published": false, "date": "2019-11-27", "id": "221", "uuid": "b5243105-6bd9-41d9-9512-8d2730ba3e78", "Orgc": {"name": "Snake-Oil-Organization", "uuid": "5d0bbcf9-3cd4-4d09-8a0c-5a3206b9c121"}}}