{"Event": {"Tag": [{"colour": "#ffffff", "name": "tlp:white"}, {"colour": "#ff00ff", "name": "d4-crypto-feed"}], "Object": [{"name": "crypto-material", "meta-category": "misc", "template_uuid": "50677f82-ec9c-4484-bb29-2519cfe56823", "description": "Cryptographic materials such as public or/and private keys.", "template_version": "3", "uuid": "574e528c-4029-4e00-9da0-f8878302f998", "Attribute": [{"uuid": "424b9c18-58f5-4ef1-9c91-b3b04635ab05", "object_relation": "p", "value": "91267687622193202587704592086191922528305789328602297721316080655613146532529", "type": "text", "disable_correlation": false, "to_ids": false, "category": "Other", "timestamp": "1574855622"}, {"uuid": "827d417b-657d-494c-acaf-390573137b6c", "object_relation": "n", "value": "8403755511267682012824345642939973180277420956416699797374212814965492580218451053979018531417221226792407356068372212054898741442093293728137108915326561", "type": "text", "disable_correlation": true, "to_ids": false, "category": "Other", "timestamp": "1574855622"}, {"uuid": "2bce24c7-4762-49da-9187-d7c2a29a1017", "object_relation": "rsa-modulus-size", "value": "512", "type": "text", "disable_correlation": true, "to_ids": false, "category": "Other", "timestamp": "1574855622"}, {"uuid": "78447e0f-f0e6-4b06-8f80-cd47defd86da", "object_relation": "type", "value": "RSA", "type": "text", "disable_correlation": true, "to_ids": false, "category": "Other", "timestamp": "1574855622"}], "distribution": "5", "sharing_group_id": "0"}, {"name": "x509", "meta-category": "network", "template_uuid": "d1ab756a-26b5-4349-9f43-765630f0911c", "description": "x509 object describing a X.509 certificate", "template_version": "11", "uuid": "eb2d4775-9268-4e72-b001-364e21d40ef8", "ObjectReference": [{"object_uuid": "eb2d4775-9268-4e72-b001-364e21d40ef8", "referenced_uuid": "574e528c-4029-4e00-9da0-f8878302f998", "relationship_type": "uses"}], "Attribute": [{"uuid": "fc12ec14-f148-4d47-adfa-8cf255cf375d", "object_relation": "x509-fingerprint-sha1", "value": "10d51fb7a1df719af44739f987c23d32517747c9", "type": "x509-fingerprint-sha1", "disable_correlation": false, "to_ids": true, "category": "Network activity", "timestamp": "1574855623"}, {"uuid": "c06598f0-59fd-44c0-a425-d01869abdfd6", "object_relation": "subject", "value": "CN=SMB,O=TPLINK,L=SZ,ST=GZ,C=CN", "type": "text", "disable_correlation": false, "to_ids": false, "category": "Other", "timestamp": "1574855623"}, {"uuid": "8fa9fa1d-a9c0-43b0-a5c8-da0e99e90bf8", "object_relation": "issuer", "value": "CN=SMB,O=TPLINK,L=SZ,ST=GZ,C=CN", "type": "text", "disable_correlation": true, "to_ids": false, "category": "Other", "timestamp": "1574855623"}], "distribution": "5", "sharing_group_id": "0"}], "info": "Snake-Oil-Crypto Daily output 2019-11-27", "threat_level_id": "3", "analysis": "0", "published": false, "date": "2019-11-27", "id": "195", "uuid": "b6f63e41-8c67-4cd7-ae80-965b4937f279", "Orgc": {"name": "Snake-Oil-Organization", "uuid": "5d0bbcf9-3cd4-4d09-8a0c-5a3206b9c121"}}}