{"Event": {"Tag": [{"colour": "#ffffff", "name": "tlp:white"}, {"colour": "#ff00ff", "name": "d4-crypto-feed"}], "Object": [{"name": "crypto-material", "meta-category": "misc", "template_uuid": "50677f82-ec9c-4484-bb29-2519cfe56823", "description": "Cryptographic materials such as public or/and private keys.", "template_version": "3", "uuid": "bd78a746-7820-4209-8951-5a559120e2e4", "Attribute": [{"uuid": "d838bbc3-a653-4207-a678-d9dc73e3e0af", "object_relation": "p", "value": "93413550549134883366996703183645648900252844443748672647109584262982246543749", "type": "text", "disable_correlation": false, "to_ids": false, "category": "Other", "timestamp": "1574855653"}, {"uuid": "00e265d0-bc71-4bfa-9101-5efc11405af9", "object_relation": "n", "value": "10640452255729787973158040557417079558467539590348080863185264366490297158794487140580088632568992625636295819077005138196152848176115050148896966329172657", "type": "text", "disable_correlation": true, "to_ids": false, "category": "Other", "timestamp": "1574855653"}, {"uuid": "85250c7b-241f-4f35-aef2-bd05f157b2d9", "object_relation": "rsa-modulus-size", "value": "512", "type": "text", "disable_correlation": true, "to_ids": false, "category": "Other", "timestamp": "1574855653"}, {"uuid": "bc265051-e246-4013-82c5-c7d94f466506", "object_relation": "type", "value": "RSA", "type": "text", "disable_correlation": true, "to_ids": false, "category": "Other", "timestamp": "1574855653"}], "distribution": "5", "sharing_group_id": "0"}, {"name": "x509", "meta-category": "network", "template_uuid": "d1ab756a-26b5-4349-9f43-765630f0911c", "description": "x509 object describing a X.509 certificate", "template_version": "11", "uuid": "8f5f3b80-e4bd-47c9-a192-e0f3ef68f295", "ObjectReference": [{"object_uuid": "8f5f3b80-e4bd-47c9-a192-e0f3ef68f295", "referenced_uuid": "bd78a746-7820-4209-8951-5a559120e2e4", "relationship_type": "uses"}], "Attribute": [{"uuid": "0b4ccc32-0c3c-4b46-bf0c-08fcae930f90", "object_relation": "x509-fingerprint-sha1", "value": "1009600752496631884d555719704a3ef8490eac", "type": "x509-fingerprint-sha1", "disable_correlation": false, "to_ids": true, "category": "Network activity", "timestamp": "1574855653"}, {"uuid": "c6d1f2e1-5686-45a9-9994-9fa37d5f0b33", "object_relation": "subject", "value": "CN=SMB,O=TPLINK,L=SZ,ST=GZ,C=CN", "type": "text", "disable_correlation": false, "to_ids": false, "category": "Other", "timestamp": "1574855653"}, {"uuid": "217d9f0f-2df7-4b81-9462-9313837ab580", "object_relation": "issuer", "value": "CN=SMB,O=TPLINK,L=SZ,ST=GZ,C=CN", "type": "text", "disable_correlation": true, "to_ids": false, "category": "Other", "timestamp": "1574855653"}], "distribution": "5", "sharing_group_id": "0"}], "info": "Snake-Oil-Crypto Daily output 2019-11-27", "threat_level_id": "3", "analysis": "0", "published": false, "date": "2019-11-27", "id": "254", "uuid": "bf925142-f7ba-420e-b0d7-53190f148131", "Orgc": {"name": "Snake-Oil-Organization", "uuid": "5d0bbcf9-3cd4-4d09-8a0c-5a3206b9c121"}}}