{"Event": {"Tag": [{"colour": "#ffffff", "name": "tlp:white"}, {"colour": "#ff00ff", "name": "d4-crypto-feed"}], "Object": [{"name": "crypto-material", "meta-category": "misc", "template_uuid": "50677f82-ec9c-4484-bb29-2519cfe56823", "description": "Cryptographic materials such as public or/and private keys.", "template_version": "3", "uuid": "64a5ae2c-7705-4e05-abbc-46913989688f", "Attribute": [{"uuid": "e1dc6628-3651-4b54-a7b8-5e0aae1e4e76", "object_relation": "p", "value": "97777692968769194958261375224598214164093037977827902574496427263991097810759", "type": "text", "disable_correlation": false, "to_ids": false, "category": "Other", "timestamp": "1574855983"}, {"uuid": "95dacc1e-5679-4951-831e-448dd795dd6f", "object_relation": "n", "value": "10899465536363451308967969902106502222210313159692528479450915100993063508648841794011823561259347174415922453499068919314107272818952381562670119772008097", "type": "text", "disable_correlation": true, "to_ids": false, "category": "Other", "timestamp": "1574855983"}, {"uuid": "9d844c80-715a-4969-8a9a-c140a00ec147", "object_relation": "rsa-modulus-size", "value": "512", "type": "text", "disable_correlation": true, "to_ids": false, "category": "Other", "timestamp": "1574855983"}, {"uuid": "51bd4a4e-df2a-4356-a954-f4c6c24e62d6", "object_relation": "type", "value": "RSA", "type": "text", "disable_correlation": true, "to_ids": false, "category": "Other", "timestamp": "1574855983"}], "distribution": "5", "sharing_group_id": "0"}, {"name": "x509", "meta-category": "network", "template_uuid": "d1ab756a-26b5-4349-9f43-765630f0911c", "description": "x509 object describing a X.509 certificate", "template_version": "11", "uuid": "6f98bd10-b538-4d76-8ceb-8dbc847bd510", "ObjectReference": [{"object_uuid": "6f98bd10-b538-4d76-8ceb-8dbc847bd510", "referenced_uuid": "64a5ae2c-7705-4e05-abbc-46913989688f", "relationship_type": "uses"}], "Attribute": [{"uuid": "0cadf025-8ae8-46f0-87b4-b72fb99a190a", "object_relation": "x509-fingerprint-sha1", "value": "68d897a76cc9c74fa0366177354dc4a1b94c5c55", "type": "x509-fingerprint-sha1", "disable_correlation": false, "to_ids": true, "category": "Network activity", "timestamp": "1574855984"}, {"uuid": "5cb6216b-34f5-4f6a-ab08-7eb786f0d4e4", "object_relation": "subject", "value": "CN=SMB,O=TPLINK,L=SZ,ST=GZ,C=CN", "type": "text", "disable_correlation": false, "to_ids": false, "category": "Other", "timestamp": "1574855984"}, {"uuid": "77aac3d4-e798-4cb6-908e-3d8c208c66c7", "object_relation": "issuer", "value": "CN=SMB,O=TPLINK,L=SZ,ST=GZ,C=CN", "type": "text", "disable_correlation": true, "to_ids": false, "category": "Other", "timestamp": "1574855984"}], "distribution": "5", "sharing_group_id": "0"}], "info": "Snake-Oil-Crypto Daily output 2019-11-27", "threat_level_id": "3", "analysis": "0", "published": false, "date": "2019-11-27", "id": "715", "uuid": "c0dfccb9-796a-44cf-baba-67e1207e87ab", "Orgc": {"name": "Snake-Oil-Organization", "uuid": "5d0bbcf9-3cd4-4d09-8a0c-5a3206b9c121"}}}