{"Event": {"Tag": [{"colour": "#ffffff", "name": "tlp:white"}, {"colour": "#ff00ff", "name": "d4-crypto-feed"}], "Object": [{"name": "crypto-material", "meta-category": "misc", "template_uuid": "50677f82-ec9c-4484-bb29-2519cfe56823", "description": "Cryptographic materials such as public or/and private keys.", "template_version": "3", "uuid": "ededae50-6c34-4c21-9df3-f0111f8aa71c", "Attribute": [{"uuid": "b15f3b45-2d0d-430a-a702-9aaa6639e2d3", "object_relation": "p", "value": "91267687622193202587704592086191922528305789328602297721316080655613146532529", "type": "text", "disable_correlation": false, "to_ids": false, "category": "Other", "timestamp": "1574855557"}, {"uuid": "7b1839a2-ce43-4aa8-9a87-34c87f3d91bc", "object_relation": "n", "value": "9088846969524727009956820362701752195354924388018680536249058718193735096390729538448836855878215805891226816780305748861769173673213731448809029842627251", "type": "text", "disable_correlation": true, "to_ids": false, "category": "Other", "timestamp": "1574855557"}, {"uuid": "6cdd2e4d-06e3-49f6-899c-74bd9d595c35", "object_relation": "rsa-modulus-size", "value": "512", "type": "text", "disable_correlation": true, "to_ids": false, "category": "Other", "timestamp": "1574855557"}, {"uuid": "9148f0ad-eba4-4c50-a353-8f3d092981f3", "object_relation": "type", "value": "RSA", "type": "text", "disable_correlation": true, "to_ids": false, "category": "Other", "timestamp": "1574855557"}], "distribution": "5", "sharing_group_id": "0"}, {"name": "x509", "meta-category": "network", "template_uuid": "d1ab756a-26b5-4349-9f43-765630f0911c", "description": "x509 object describing a X.509 certificate", "template_version": "11", "uuid": "2bc4bf2a-9a48-48f6-9317-cefc78b78737", "ObjectReference": [{"object_uuid": "2bc4bf2a-9a48-48f6-9317-cefc78b78737", "referenced_uuid": "ededae50-6c34-4c21-9df3-f0111f8aa71c", "relationship_type": "uses"}], "Attribute": [{"uuid": "f59f974b-837b-494d-b90f-f7072a5b9f9f", "object_relation": "x509-fingerprint-sha1", "value": "25903f44e371ff57a114029c9371c8ddbfc91f64", "type": "x509-fingerprint-sha1", "disable_correlation": false, "to_ids": true, "category": "Network activity", "timestamp": "1574855557"}, {"uuid": "ac5258b4-2504-4ceb-a224-e684aff7dd48", "object_relation": "subject", "value": "CN=SMB,O=TPLINK,L=SZ,ST=GZ,C=CN", "type": "text", "disable_correlation": false, "to_ids": false, "category": "Other", "timestamp": "1574855557"}, {"uuid": "4fe9cef7-744c-4ee3-a9f5-a5f602bdc748", "object_relation": "issuer", "value": "CN=SMB,O=TPLINK,L=SZ,ST=GZ,C=CN", "type": "text", "disable_correlation": true, "to_ids": false, "category": "Other", "timestamp": "1574855557"}], "distribution": "5", "sharing_group_id": "0"}], "info": "Snake-Oil-Crypto Daily output 2019-11-27", "threat_level_id": "3", "analysis": "0", "published": false, "date": "2019-11-27", "id": "42", "uuid": "c34616d6-bd69-45e4-afef-f73dd0607b21", "Orgc": {"name": "Snake-Oil-Organization", "uuid": "5d0bbcf9-3cd4-4d09-8a0c-5a3206b9c121"}}}