{"Event": {"Tag": [{"colour": "#ffffff", "name": "tlp:white"}, {"colour": "#ff00ff", "name": "d4-crypto-feed"}], "Object": [{"name": "crypto-material", "meta-category": "misc", "template_uuid": "50677f82-ec9c-4484-bb29-2519cfe56823", "description": "Cryptographic materials such as public or/and private keys.", "template_version": "3", "uuid": "179e746c-c6d2-4e66-a805-497412ab517b", "Attribute": [{"uuid": "bea15d69-2abd-4d39-8ec8-2a86c7d7f02e", "object_relation": "p", "value": "115092057735204325823083242302169507399876257829650899874012058963683189475359", "type": "text", "disable_correlation": false, "to_ids": false, "category": "Other", "timestamp": "1574855822"}, {"uuid": "11f50083-bb78-4e77-a97f-7cf6daf1ac48", "object_relation": "n", "value": "11854427986201768548535746378843471320689756105702786581231370361674294008096338883652228400422085613352495394063245546021447785676503276854890333213092193", "type": "text", "disable_correlation": true, "to_ids": false, "category": "Other", "timestamp": "1574855822"}, {"uuid": "da123f15-5780-4fe5-bb95-63f5df07d393", "object_relation": "rsa-modulus-size", "value": "512", "type": "text", "disable_correlation": true, "to_ids": false, "category": "Other", "timestamp": "1574855822"}, {"uuid": "56d0efb1-87f9-4aaf-b6d3-e6a264cecdd3", "object_relation": "type", "value": "RSA", "type": "text", "disable_correlation": true, "to_ids": false, "category": "Other", "timestamp": "1574855822"}], "distribution": "5", "sharing_group_id": "0"}, {"name": "x509", "meta-category": "network", "template_uuid": "d1ab756a-26b5-4349-9f43-765630f0911c", "description": "x509 object describing a X.509 certificate", "template_version": "11", "uuid": "5fc1cefb-33fd-4574-8af7-3e2692bbe48d", "ObjectReference": [{"object_uuid": "5fc1cefb-33fd-4574-8af7-3e2692bbe48d", "referenced_uuid": "179e746c-c6d2-4e66-a805-497412ab517b", "relationship_type": "uses"}], "Attribute": [{"uuid": "2057c9ba-3e71-4fcc-b067-99260c0aa8c5", "object_relation": "x509-fingerprint-sha1", "value": "8a0cc18384b3d174fbe3ea21140bcd571615db6f", "type": "x509-fingerprint-sha1", "disable_correlation": false, "to_ids": true, "category": "Network activity", "timestamp": "1574855822"}, {"uuid": "c6501372-4ec3-4015-8d30-0143731db0c2", "object_relation": "subject", "value": "CN=SMB,O=TPLINK,L=SZ,ST=GZ,C=CN", "type": "text", "disable_correlation": false, "to_ids": false, "category": "Other", "timestamp": "1574855822"}, {"uuid": "7237c2d8-3b60-40e0-bf05-7d455abd8ddd", "object_relation": "issuer", "value": "CN=SMB,O=TPLINK,L=SZ,ST=GZ,C=CN", "type": "text", "disable_correlation": true, "to_ids": false, "category": "Other", "timestamp": "1574855822"}], "distribution": "5", "sharing_group_id": "0"}], "info": "Snake-Oil-Crypto Daily output 2019-11-27", "threat_level_id": "3", "analysis": "0", "published": false, "date": "2019-11-27", "id": "512", "uuid": "c7f1ac4a-1a4e-4b17-a324-d7de64346e75", "Orgc": {"name": "Snake-Oil-Organization", "uuid": "5d0bbcf9-3cd4-4d09-8a0c-5a3206b9c121"}}}