{"Event": {"Tag": [{"colour": "#ffffff", "name": "tlp:white"}, {"colour": "#ff00ff", "name": "d4-crypto-feed"}], "Object": [{"name": "crypto-material", "meta-category": "misc", "template_uuid": "50677f82-ec9c-4484-bb29-2519cfe56823", "description": "Cryptographic materials such as public or/and private keys.", "template_version": "3", "uuid": "165a3d8d-77cc-43f7-ac25-79e9f493601d", "Attribute": [{"uuid": "5c897290-0f69-4b8b-bfec-637641e1e18a", "object_relation": "p", "value": "91267687622193202587704592086191922528305789328602297721316080655613146532529", "type": "text", "disable_correlation": false, "to_ids": false, "category": "Other", "timestamp": "1574856264"}, {"uuid": "eb0d7477-6f61-4fe6-98d6-f2697de1dae9", "object_relation": "n", "value": "10464952435405860708171507280989181403290328748622647952595479315906492649795532488536443828741846833994752713607696446477729462211797922371424153720813023", "type": "text", "disable_correlation": true, "to_ids": false, "category": "Other", "timestamp": "1574856264"}, {"uuid": "0bfa472f-020f-489d-8657-b424c7ac2a58", "object_relation": "rsa-modulus-size", "value": "512", "type": "text", "disable_correlation": true, "to_ids": false, "category": "Other", "timestamp": "1574856264"}, {"uuid": "d857042d-745a-4257-bc34-a416455d66c7", "object_relation": "type", "value": "RSA", "type": "text", "disable_correlation": true, "to_ids": false, "category": "Other", "timestamp": "1574856264"}], "distribution": "5", "sharing_group_id": "0"}, {"name": "x509", "meta-category": "network", "template_uuid": "d1ab756a-26b5-4349-9f43-765630f0911c", "description": "x509 object describing a X.509 certificate", "template_version": "11", "uuid": "390d182c-e20d-4a0a-9289-b43a27887640", "ObjectReference": [{"object_uuid": "390d182c-e20d-4a0a-9289-b43a27887640", "referenced_uuid": "165a3d8d-77cc-43f7-ac25-79e9f493601d", "relationship_type": "uses"}], "Attribute": [{"uuid": "5c97a602-7258-4021-a5c1-0c0bc3c43e7c", "object_relation": "x509-fingerprint-sha1", "value": "258e2e342cdf4fe1a5def70daf34b55ffde2b7f9", "type": "x509-fingerprint-sha1", "disable_correlation": false, "to_ids": true, "category": "Network activity", "timestamp": "1574856265"}, {"uuid": "dfcb944c-537e-4505-8d09-f5ba8615176f", "object_relation": "subject", "value": "CN=SMB,O=TPLINK,L=SZ,ST=GZ,C=CN", "type": "text", "disable_correlation": false, "to_ids": false, "category": "Other", "timestamp": "1574856265"}, {"uuid": "1e6dfd1d-4e39-476a-a6dc-cec79773e22d", "object_relation": "issuer", "value": "CN=SMB,O=TPLINK,L=SZ,ST=GZ,C=CN", "type": "text", "disable_correlation": true, "to_ids": false, "category": "Other", "timestamp": "1574856265"}], "distribution": "5", "sharing_group_id": "0"}], "info": "Snake-Oil-Crypto Daily output 2019-11-27", "threat_level_id": "3", "analysis": "0", "published": false, "date": "2019-11-27", "id": "1071", "uuid": "cd49ad82-d90a-4de5-a108-7b65de2913e2", "Orgc": {"name": "Snake-Oil-Organization", "uuid": "5d0bbcf9-3cd4-4d09-8a0c-5a3206b9c121"}}}