{"Event": {"Tag": [{"colour": "#ffffff", "name": "tlp:white"}, {"colour": "#ff00ff", "name": "d4-crypto-feed"}], "Object": [{"name": "crypto-material", "meta-category": "misc", "template_uuid": "50677f82-ec9c-4484-bb29-2519cfe56823", "description": "Cryptographic materials such as public or/and private keys.", "template_version": "3", "uuid": "79e773e1-edf2-4143-ad63-eb59813894be", "Attribute": [{"uuid": "a442767d-7a45-4694-b642-4547add4cab6", "object_relation": "p", "value": "91267687622193202587704592086191922528305789328602297721316080655613146532529", "type": "text", "disable_correlation": false, "to_ids": false, "category": "Other", "timestamp": "1574855580"}, {"uuid": "ba34a04d-1b5a-4668-ad3d-b8786a282c21", "object_relation": "n", "value": "9459364482415775563984631732411569140347920568709479199123692514069797402237913933006670572703314265342595827113161230949782356069990609133952995235882377", "type": "text", "disable_correlation": true, "to_ids": false, "category": "Other", "timestamp": "1574855580"}, {"uuid": "ef81697a-2fa2-4b37-9968-92b6c6fead2d", "object_relation": "rsa-modulus-size", "value": "512", "type": "text", "disable_correlation": true, "to_ids": false, "category": "Other", "timestamp": "1574855580"}, {"uuid": "96ecfebf-e7fb-44f2-a55f-894729c013b5", "object_relation": "type", "value": "RSA", "type": "text", "disable_correlation": true, "to_ids": false, "category": "Other", "timestamp": "1574855580"}], "distribution": "5", "sharing_group_id": "0"}, {"name": "x509", "meta-category": "network", "template_uuid": "d1ab756a-26b5-4349-9f43-765630f0911c", "description": "x509 object describing a X.509 certificate", "template_version": "11", "uuid": "6e1ed4b8-3f0b-49a8-b578-54ff969f8abc", "ObjectReference": [{"object_uuid": "6e1ed4b8-3f0b-49a8-b578-54ff969f8abc", "referenced_uuid": "79e773e1-edf2-4143-ad63-eb59813894be", "relationship_type": "uses"}], "Attribute": [{"uuid": "e5c649f6-92d8-4424-924e-2e6639de5bf0", "object_relation": "x509-fingerprint-sha1", "value": "f1ba0c0621bda9ae10c05265ad68960cece92cfe", "type": "x509-fingerprint-sha1", "disable_correlation": false, "to_ids": true, "category": "Network activity", "timestamp": "1574855580"}, {"uuid": "1b6ba676-475a-4467-91bb-ab1e1d6dc428", "object_relation": "subject", "value": "CN=SMB,O=TPLINK,L=SZ,ST=GZ,C=CN", "type": "text", "disable_correlation": false, "to_ids": false, "category": "Other", "timestamp": "1574855580"}, {"uuid": "79ed78b9-ca74-422b-b546-68678b9d83e9", "object_relation": "issuer", "value": "CN=SMB,O=TPLINK,L=SZ,ST=GZ,C=CN", "type": "text", "disable_correlation": true, "to_ids": false, "category": "Other", "timestamp": "1574855580"}], "distribution": "5", "sharing_group_id": "0"}], "info": "Snake-Oil-Crypto Daily output 2019-11-27", "threat_level_id": "3", "analysis": "0", "published": false, "date": "2019-11-27", "id": "102", "uuid": "cdc4b16f-66ec-4bda-81a4-8b25e8b92df1", "Orgc": {"name": "Snake-Oil-Organization", "uuid": "5d0bbcf9-3cd4-4d09-8a0c-5a3206b9c121"}}}