{"Event": {"Tag": [{"colour": "#ffffff", "name": "tlp:white"}, {"colour": "#ff00ff", "name": "d4-crypto-feed"}], "Object": [{"name": "crypto-material", "meta-category": "misc", "template_uuid": "50677f82-ec9c-4484-bb29-2519cfe56823", "description": "Cryptographic materials such as public or/and private keys.", "template_version": "3", "uuid": "8d074e5f-f349-41c2-ade9-57789f9e4998", "Attribute": [{"uuid": "dc89cd4e-24f3-44a0-bd55-a9b21a74389e", "object_relation": "p", "value": "97978079069991745842127734749460343593501742164136958474746385917345346066213", "type": "text", "disable_correlation": false, "to_ids": false, "category": "Other", "timestamp": "1574855569"}, {"uuid": "f2830856-c085-421d-9149-3e2a3eaee7ed", "object_relation": "n", "value": "10970432991983580683204140076898712461444430327005391954867007804480667862740526999522057456720634436938067109079624758279862389758391508514505691123594971", "type": "text", "disable_correlation": true, "to_ids": false, "category": "Other", "timestamp": "1574855569"}, {"uuid": "65ae68d8-76ef-45dd-b5d8-c7d97505b4d6", "object_relation": "rsa-modulus-size", "value": "512", "type": "text", "disable_correlation": true, "to_ids": false, "category": "Other", "timestamp": "1574855569"}, {"uuid": "2c2ca7fe-0d8f-45f6-8041-84dd45d51360", "object_relation": "type", "value": "RSA", "type": "text", "disable_correlation": true, "to_ids": false, "category": "Other", "timestamp": "1574855569"}], "distribution": "5", "sharing_group_id": "0"}, {"name": "x509", "meta-category": "network", "template_uuid": "d1ab756a-26b5-4349-9f43-765630f0911c", "description": "x509 object describing a X.509 certificate", "template_version": "11", "uuid": "8aa943e6-1dac-4c16-a03a-4ad9b7baca11", "ObjectReference": [{"object_uuid": "8aa943e6-1dac-4c16-a03a-4ad9b7baca11", "referenced_uuid": "8d074e5f-f349-41c2-ade9-57789f9e4998", "relationship_type": "uses"}], "Attribute": [{"uuid": "ef5fbf2b-531d-4b0e-92b0-84ec4ffa9c3a", "object_relation": "x509-fingerprint-sha1", "value": "f13b07b2ca0c9676e625e5a6b575a8715a2f5407", "type": "x509-fingerprint-sha1", "disable_correlation": false, "to_ids": true, "category": "Network activity", "timestamp": "1574855570"}, {"uuid": "19b594b5-b652-47d1-8a57-734b3da45dff", "object_relation": "subject", "value": "CN=SMB,O=TPLINK,L=SZ,ST=GZ,C=CN", "type": "text", "disable_correlation": false, "to_ids": false, "category": "Other", "timestamp": "1574855570"}, {"uuid": "f8c2182d-870a-4bb2-a840-869eb85047cd", "object_relation": "issuer", "value": "CN=SMB,O=TPLINK,L=SZ,ST=GZ,C=CN", "type": "text", "disable_correlation": true, "to_ids": false, "category": "Other", "timestamp": "1574855570"}], "distribution": "5", "sharing_group_id": "0"}], "info": "Snake-Oil-Crypto Daily output 2019-11-27", "threat_level_id": "3", "analysis": "0", "published": false, "date": "2019-11-27", "id": "77", "uuid": "cdd730e9-e05c-4845-8c8e-62f1c4e38dd7", "Orgc": {"name": "Snake-Oil-Organization", "uuid": "5d0bbcf9-3cd4-4d09-8a0c-5a3206b9c121"}}}