{"Event": {"Tag": [{"colour": "#ffffff", "name": "tlp:white"}, {"colour": "#ff00ff", "name": "d4-crypto-feed"}], "Object": [{"name": "crypto-material", "meta-category": "misc", "template_uuid": "50677f82-ec9c-4484-bb29-2519cfe56823", "description": "Cryptographic materials such as public or/and private keys.", "template_version": "3", "uuid": "e681e5cb-c8bb-4d55-8445-c1a678c2d7fb", "Attribute": [{"uuid": "51d739e5-75ad-4233-9b8b-4c37c652a5e4", "object_relation": "p", "value": "94465583968080901362705247335235822052313187170599154836005743208749454072559", "type": "text", "disable_correlation": false, "to_ids": false, "category": "Other", "timestamp": "1574856092"}, {"uuid": "328525b0-020b-4df8-80dd-f05e51b2f040", "object_relation": "n", "value": "8246677908004304320929145265484802319001188725514702332933867315876874649583042258132067089633495342397909952146553063420691382169273472131654589110073147", "type": "text", "disable_correlation": true, "to_ids": false, "category": "Other", "timestamp": "1574856092"}, {"uuid": "980e47e1-6608-4b3a-bfae-6f9a4e36b711", "object_relation": "rsa-modulus-size", "value": "512", "type": "text", "disable_correlation": true, "to_ids": false, "category": "Other", "timestamp": "1574856092"}, {"uuid": "a2b814e3-fe18-4083-9b56-d4da0f4134ee", "object_relation": "type", "value": "RSA", "type": "text", "disable_correlation": true, "to_ids": false, "category": "Other", "timestamp": "1574856092"}], "distribution": "5", "sharing_group_id": "0"}, {"name": "x509", "meta-category": "network", "template_uuid": "d1ab756a-26b5-4349-9f43-765630f0911c", "description": "x509 object describing a X.509 certificate", "template_version": "11", "uuid": "1bf9e558-0908-4308-8616-1858c1faf2a6", "ObjectReference": [{"object_uuid": "1bf9e558-0908-4308-8616-1858c1faf2a6", "referenced_uuid": "e681e5cb-c8bb-4d55-8445-c1a678c2d7fb", "relationship_type": "uses"}], "Attribute": [{"uuid": "82c3ed7f-b62e-4965-8794-a69455fa34f5", "object_relation": "x509-fingerprint-sha1", "value": "685481157b664a951ab64b2573f8eb51b3e27635", "type": "x509-fingerprint-sha1", "disable_correlation": false, "to_ids": true, "category": "Network activity", "timestamp": "1574856093"}, {"uuid": "6c9ca476-84b8-49cf-80cb-0d7d49a84898", "object_relation": "subject", "value": "CN=SMB,O=TPLINK,L=SZ,ST=GZ,C=CN", "type": "text", "disable_correlation": false, "to_ids": false, "category": "Other", "timestamp": "1574856093"}, {"uuid": "31816e54-41cb-4acc-aae8-0b2224b3f418", "object_relation": "issuer", "value": "CN=SMB,O=TPLINK,L=SZ,ST=GZ,C=CN", "type": "text", "disable_correlation": true, "to_ids": false, "category": "Other", "timestamp": "1574856093"}], "distribution": "5", "sharing_group_id": "0"}], "info": "Snake-Oil-Crypto Daily output 2019-11-27", "threat_level_id": "3", "analysis": "0", "published": false, "date": "2019-11-27", "id": "852", "uuid": "d60d5745-3f00-4163-a263-fabef3da32e3", "Orgc": {"name": "Snake-Oil-Organization", "uuid": "5d0bbcf9-3cd4-4d09-8a0c-5a3206b9c121"}}}