{"Event": {"Tag": [{"colour": "#ffffff", "name": "tlp:white"}, {"colour": "#ff00ff", "name": "d4-crypto-feed"}], "Object": [{"name": "crypto-material", "meta-category": "misc", "template_uuid": "50677f82-ec9c-4484-bb29-2519cfe56823", "description": "Cryptographic materials such as public or/and private keys.", "template_version": "3", "uuid": "767743db-4a5e-4db5-be64-35c146d7f2a8", "Attribute": [{"uuid": "210d9d8c-eca8-4065-908a-bd80eaba85a1", "object_relation": "p", "value": "92000278946646031242257662079322135524717353783282903464774457919543535439103", "type": "text", "disable_correlation": false, "to_ids": false, "category": "Other", "timestamp": "1574855652"}, {"uuid": "25d9aa24-c20f-4928-ba30-adfb08ea6506", "object_relation": "n", "value": "9562077444336028174173768581768850775382388708773099493049382370587240383966078764165255405431129499100350037100595386687314479952341807625886641763480467", "type": "text", "disable_correlation": true, "to_ids": false, "category": "Other", "timestamp": "1574855652"}, {"uuid": "3a03e165-70a1-4113-aa5e-76bf3f17ac05", "object_relation": "rsa-modulus-size", "value": "512", "type": "text", "disable_correlation": true, "to_ids": false, "category": "Other", "timestamp": "1574855652"}, {"uuid": "282310ef-bc82-44a9-9f07-639869c51c98", "object_relation": "type", "value": "RSA", "type": "text", "disable_correlation": true, "to_ids": false, "category": "Other", "timestamp": "1574855652"}], "distribution": "5", "sharing_group_id": "0"}, {"name": "x509", "meta-category": "network", "template_uuid": "d1ab756a-26b5-4349-9f43-765630f0911c", "description": "x509 object describing a X.509 certificate", "template_version": "11", "uuid": "61ae3a2d-f109-4a9a-a311-ceee5fa42763", "ObjectReference": [{"object_uuid": "61ae3a2d-f109-4a9a-a311-ceee5fa42763", "referenced_uuid": "767743db-4a5e-4db5-be64-35c146d7f2a8", "relationship_type": "uses"}], "Attribute": [{"uuid": "dd47879b-b2c9-4e6f-8838-da8ab3b131bb", "object_relation": "x509-fingerprint-sha1", "value": "1002ba1d863a7beeae4eff03697c6e983a8d9c63", "type": "x509-fingerprint-sha1", "disable_correlation": false, "to_ids": true, "category": "Network activity", "timestamp": "1574855653"}, {"uuid": "8a2f6a22-1e7e-4a19-b376-9672405d28ce", "object_relation": "subject", "value": "CN=SMB,O=TPLINK,L=SZ,ST=GZ,C=CN", "type": "text", "disable_correlation": false, "to_ids": false, "category": "Other", "timestamp": "1574855653"}, {"uuid": "80da11a6-e0d5-4798-89ea-53e86378973c", "object_relation": "issuer", "value": "CN=SMB,O=TPLINK,L=SZ,ST=GZ,C=CN", "type": "text", "disable_correlation": true, "to_ids": false, "category": "Other", "timestamp": "1574855653"}], "distribution": "5", "sharing_group_id": "0"}], "info": "Snake-Oil-Crypto Daily output 2019-11-27", "threat_level_id": "3", "analysis": "0", "published": false, "date": "2019-11-27", "id": "253", "uuid": "d6f4402f-914a-4cd3-8af0-32b323c2c412", "Orgc": {"name": "Snake-Oil-Organization", "uuid": "5d0bbcf9-3cd4-4d09-8a0c-5a3206b9c121"}}}