{"Event": {"Tag": [{"colour": "#ffffff", "name": "tlp:white"}, {"colour": "#ff00ff", "name": "d4-crypto-feed"}], "Object": [{"name": "crypto-material", "meta-category": "misc", "template_uuid": "50677f82-ec9c-4484-bb29-2519cfe56823", "description": "Cryptographic materials such as public or/and private keys.", "template_version": "3", "uuid": "edb6afbe-9a65-4180-b86a-7dd2d0ec8279", "Attribute": [{"uuid": "40bb4db3-c3e5-4516-bcf7-dcfcde1d9dbd", "object_relation": "p", "value": "91267687622193202587704592086191922528305789328602297721316080655613146532529", "type": "text", "disable_correlation": false, "to_ids": false, "category": "Other", "timestamp": "1574855544"}, {"uuid": "8cf5609e-abf5-4159-89fc-c95d2bea0e54", "object_relation": "n", "value": "9667270563004246056745854550080608378907782138879562795492451750269372806083244515490043701475248932068231828652481067218744178905533362888271817143875511", "type": "text", "disable_correlation": true, "to_ids": false, "category": "Other", "timestamp": "1574855544"}, {"uuid": "64469ec5-da13-4e63-919a-80d554418724", "object_relation": "rsa-modulus-size", "value": "512", "type": "text", "disable_correlation": true, "to_ids": false, "category": "Other", "timestamp": "1574855544"}, {"uuid": "623c277c-411f-43d0-88ec-d4331b8f67b2", "object_relation": "type", "value": "RSA", "type": "text", "disable_correlation": true, "to_ids": false, "category": "Other", "timestamp": "1574855544"}], "distribution": "5", "sharing_group_id": "0"}, {"name": "x509", "meta-category": "network", "template_uuid": "d1ab756a-26b5-4349-9f43-765630f0911c", "description": "x509 object describing a X.509 certificate", "template_version": "11", "uuid": "5507c084-5ec1-4888-8325-f4c1d4cba026", "ObjectReference": [{"object_uuid": "5507c084-5ec1-4888-8325-f4c1d4cba026", "referenced_uuid": "edb6afbe-9a65-4180-b86a-7dd2d0ec8279", "relationship_type": "uses"}], "Attribute": [{"uuid": "02b7e7c5-6512-4478-a901-6d80aa88db7e", "object_relation": "x509-fingerprint-sha1", "value": "10d1e4d839179b758e3a982058528a75fbcf934f", "type": "x509-fingerprint-sha1", "disable_correlation": false, "to_ids": true, "category": "Network activity", "timestamp": "1574855545"}, {"uuid": "4100306e-8e26-4707-b7bb-f64d0b6648f5", "object_relation": "subject", "value": "CN=SMB,O=TPLINK,L=SZ,ST=GZ,C=CN", "type": "text", "disable_correlation": false, "to_ids": false, "category": "Other", "timestamp": "1574855545"}, {"uuid": "74382619-ea1a-4961-8160-d3a3b8afe228", "object_relation": "issuer", "value": "CN=SMB,O=TPLINK,L=SZ,ST=GZ,C=CN", "type": "text", "disable_correlation": true, "to_ids": false, "category": "Other", "timestamp": "1574855545"}], "distribution": "5", "sharing_group_id": "0"}], "info": "Snake-Oil-Crypto Daily output 2019-11-27", "threat_level_id": "3", "analysis": "0", "published": false, "date": "2019-11-27", "id": "3", "uuid": "d8f0de95-cb17-4421-9cd0-32d4fc714025", "Orgc": {"name": "Snake-Oil-Organization", "uuid": "5d0bbcf9-3cd4-4d09-8a0c-5a3206b9c121"}}}