{"Event": {"Tag": [{"colour": "#ffffff", "name": "tlp:white"}, {"colour": "#ff00ff", "name": "d4-crypto-feed"}], "Object": [{"name": "crypto-material", "meta-category": "misc", "template_uuid": "50677f82-ec9c-4484-bb29-2519cfe56823", "description": "Cryptographic materials such as public or/and private keys.", "template_version": "3", "uuid": "5df39d60-e11d-4a94-aa34-2384ae51137f", "Attribute": [{"uuid": "9e794048-b16b-442e-a6be-de19c85b713f", "object_relation": "p", "value": "91267687622193202587704592086191922528305789328602297721316080655613146532529", "type": "text", "disable_correlation": false, "to_ids": false, "category": "Other", "timestamp": "1574856013"}, {"uuid": "7b073b9a-6cc9-4e45-a83f-fcac8e03c9ca", "object_relation": "n", "value": "8231431032913908497113107639126633181867879907360023312195326027067162375107226437510148713622575262781819876350855004468359488998676833357979866623872331", "type": "text", "disable_correlation": true, "to_ids": false, "category": "Other", "timestamp": "1574856013"}, {"uuid": "3a3133ab-1b96-4c30-86b4-206915dbf141", "object_relation": "rsa-modulus-size", "value": "512", "type": "text", "disable_correlation": true, "to_ids": false, "category": "Other", "timestamp": "1574856013"}, {"uuid": "368dac5a-53ad-49e3-85c9-431d56bc1a6e", "object_relation": "type", "value": "RSA", "type": "text", "disable_correlation": true, "to_ids": false, "category": "Other", "timestamp": "1574856013"}], "distribution": "5", "sharing_group_id": "0"}, {"name": "x509", "meta-category": "network", "template_uuid": "d1ab756a-26b5-4349-9f43-765630f0911c", "description": "x509 object describing a X.509 certificate", "template_version": "11", "uuid": "c12cd9f8-a8a4-4d63-8afb-aa750cad9624", "ObjectReference": [{"object_uuid": "c12cd9f8-a8a4-4d63-8afb-aa750cad9624", "referenced_uuid": "5df39d60-e11d-4a94-aa34-2384ae51137f", "relationship_type": "uses"}], "Attribute": [{"uuid": "f0d01871-2009-46fb-8bc9-029f7bea06ca", "object_relation": "x509-fingerprint-sha1", "value": "68936818a32e39e28fb8c6bfd49a3b83d6d4baad", "type": "x509-fingerprint-sha1", "disable_correlation": false, "to_ids": true, "category": "Network activity", "timestamp": "1574856014"}, {"uuid": "7cfaa9ad-00ed-457e-b623-fba753294a52", "object_relation": "subject", "value": "CN=SMB,O=TPLINK,L=SZ,ST=GZ,C=CN", "type": "text", "disable_correlation": false, "to_ids": false, "category": "Other", "timestamp": "1574856014"}, {"uuid": "7c115256-3906-47ec-b2cd-7abf9c187cd4", "object_relation": "issuer", "value": "CN=SMB,O=TPLINK,L=SZ,ST=GZ,C=CN", "type": "text", "disable_correlation": true, "to_ids": false, "category": "Other", "timestamp": "1574856014"}], "distribution": "5", "sharing_group_id": "0"}], "info": "Snake-Oil-Crypto Daily output 2019-11-27", "threat_level_id": "3", "analysis": "0", "published": false, "date": "2019-11-27", "id": "755", "uuid": "dba5a424-d907-4cc8-bd5c-c760604b9c8a", "Orgc": {"name": "Snake-Oil-Organization", "uuid": "5d0bbcf9-3cd4-4d09-8a0c-5a3206b9c121"}}}