{"Event": {"Tag": [{"colour": "#ffffff", "name": "tlp:white"}, {"colour": "#ff00ff", "name": "d4-crypto-feed"}], "Object": [{"name": "crypto-material", "meta-category": "misc", "template_uuid": "50677f82-ec9c-4484-bb29-2519cfe56823", "description": "Cryptographic materials such as public or/and private keys.", "template_version": "3", "uuid": "5ab6b3f9-462f-48c6-b9bb-19ab7d9f4b7e", "Attribute": [{"uuid": "99aa7aee-88cd-4bc0-8d2b-c53af10a88f0", "object_relation": "p", "value": "106811735473591016760407889782094986178343948394228990491775195745703139465753", "type": "text", "disable_correlation": false, "to_ids": false, "category": "Other", "timestamp": "1574856154"}, {"uuid": "e23525c8-4995-472c-a737-a46cc046f0c8", "object_relation": "n", "value": "10287854914995892877086821026885256727785535768324756625846014738075627427589797009712859923909714040575166121230440106941059277284423049015554665279126027", "type": "text", "disable_correlation": true, "to_ids": false, "category": "Other", "timestamp": "1574856154"}, {"uuid": "f39935f4-fd53-4c65-9472-c34435e94627", "object_relation": "rsa-modulus-size", "value": "512", "type": "text", "disable_correlation": true, "to_ids": false, "category": "Other", "timestamp": "1574856154"}, {"uuid": "9c524781-ab88-4af4-ac6b-8231f4d6967f", "object_relation": "type", "value": "RSA", "type": "text", "disable_correlation": true, "to_ids": false, "category": "Other", "timestamp": "1574856154"}], "distribution": "5", "sharing_group_id": "0"}, {"name": "x509", "meta-category": "network", "template_uuid": "d1ab756a-26b5-4349-9f43-765630f0911c", "description": "x509 object describing a X.509 certificate", "template_version": "11", "uuid": "d1f29256-2dd4-4d9d-98d5-b7de655efdac", "ObjectReference": [{"object_uuid": "d1f29256-2dd4-4d9d-98d5-b7de655efdac", "referenced_uuid": "5ab6b3f9-462f-48c6-b9bb-19ab7d9f4b7e", "relationship_type": "uses"}], "Attribute": [{"uuid": "ccea90db-6752-46dc-9eaa-24ccf357ac17", "object_relation": "x509-fingerprint-sha1", "value": "258abbf89b49be99474e3470c8bc4ade4123c078", "type": "x509-fingerprint-sha1", "disable_correlation": false, "to_ids": true, "category": "Network activity", "timestamp": "1574856154"}, {"uuid": "7f3cf786-2708-4bdd-864b-c4d1833ed3ff", "object_relation": "subject", "value": "CN=SMB,O=TPLINK,L=SZ,ST=GZ,C=CN", "type": "text", "disable_correlation": false, "to_ids": false, "category": "Other", "timestamp": "1574856154"}, {"uuid": "f006581b-63df-40a1-af59-3e7bb47be3eb", "object_relation": "issuer", "value": "CN=SMB,O=TPLINK,L=SZ,ST=GZ,C=CN", "type": "text", "disable_correlation": true, "to_ids": false, "category": "Other", "timestamp": "1574856154"}], "distribution": "5", "sharing_group_id": "0"}], "info": "Snake-Oil-Crypto Daily output 2019-11-27", "threat_level_id": "3", "analysis": "0", "published": false, "date": "2019-11-27", "id": "921", "uuid": "e1819c65-920f-41a0-ba25-a675a643d680", "Orgc": {"name": "Snake-Oil-Organization", "uuid": "5d0bbcf9-3cd4-4d09-8a0c-5a3206b9c121"}}}