{"Event": {"Tag": [{"colour": "#ffffff", "name": "tlp:white"}, {"colour": "#ff00ff", "name": "d4-crypto-feed"}], "Object": [{"name": "crypto-material", "meta-category": "misc", "template_uuid": "50677f82-ec9c-4484-bb29-2519cfe56823", "description": "Cryptographic materials such as public or/and private keys.", "template_version": "3", "uuid": "9af1a3b5-c747-41bd-8277-c48eec23ea38", "Attribute": [{"uuid": "592619ff-e49b-4127-b891-ca0f85cd4dd3", "object_relation": "p", "value": "106811735473591016760407889782094986178343948394228990491775195745703139465753", "type": "text", "disable_correlation": false, "to_ids": false, "category": "Other", "timestamp": "1574855930"}, {"uuid": "b50a903a-f046-4189-9c02-8a7b3f9eb6bb", "object_relation": "n", "value": "11089214063274297165555445445796500728119287768818779074702329778867241124479062894230490602709164143497076304216624703187865001849241675955964893365367831", "type": "text", "disable_correlation": true, "to_ids": false, "category": "Other", "timestamp": "1574855930"}, {"uuid": "88df1890-a942-451d-b9ca-dc5990fd73f9", "object_relation": "rsa-modulus-size", "value": "512", "type": "text", "disable_correlation": true, "to_ids": false, "category": "Other", "timestamp": "1574855930"}, {"uuid": "84d2a741-b1b6-4a1c-86e2-539a9d6a9e6a", "object_relation": "type", "value": "RSA", "type": "text", "disable_correlation": true, "to_ids": false, "category": "Other", "timestamp": "1574855930"}], "distribution": "5", "sharing_group_id": "0"}, {"name": "x509", "meta-category": "network", "template_uuid": "d1ab756a-26b5-4349-9f43-765630f0911c", "description": "x509 object describing a X.509 certificate", "template_version": "11", "uuid": "5fa0ee72-598c-4101-938f-985074c68686", "ObjectReference": [{"object_uuid": "5fa0ee72-598c-4101-938f-985074c68686", "referenced_uuid": "9af1a3b5-c747-41bd-8277-c48eec23ea38", "relationship_type": "uses"}], "Attribute": [{"uuid": "c7ab340b-58b1-460d-b775-d859dec3a191", "object_relation": "x509-fingerprint-sha1", "value": "8a646f0f114252e06a54b9a8a672a9e95950dc1b", "type": "x509-fingerprint-sha1", "disable_correlation": false, "to_ids": true, "category": "Network activity", "timestamp": "1574855930"}, {"uuid": "fadacc35-c05c-4b08-b7b5-9392bfcc6fae", "object_relation": "subject", "value": "CN=SMB,O=TPLINK,L=SZ,ST=GZ,C=CN", "type": "text", "disable_correlation": false, "to_ids": false, "category": "Other", "timestamp": "1574855930"}, {"uuid": "8cbdea45-52dd-421a-9be7-cb7b8ced5a68", "object_relation": "issuer", "value": "CN=SMB,O=TPLINK,L=SZ,ST=GZ,C=CN", "type": "text", "disable_correlation": true, "to_ids": false, "category": "Other", "timestamp": "1574855930"}], "distribution": "5", "sharing_group_id": "0"}], "info": "Snake-Oil-Crypto Daily output 2019-11-27", "threat_level_id": "3", "analysis": "0", "published": false, "date": "2019-11-27", "id": "644", "uuid": "e34ea9e3-ec6d-4eac-951d-61e1d392a3f2", "Orgc": {"name": "Snake-Oil-Organization", "uuid": "5d0bbcf9-3cd4-4d09-8a0c-5a3206b9c121"}}}