{"Event": {"Tag": [{"colour": "#ffffff", "name": "tlp:white"}, {"colour": "#ff00ff", "name": "d4-crypto-feed"}], "Object": [{"name": "crypto-material", "meta-category": "misc", "template_uuid": "50677f82-ec9c-4484-bb29-2519cfe56823", "description": "Cryptographic materials such as public or/and private keys.", "template_version": "3", "uuid": "e245b784-dcea-4c01-bb42-7245d08f11d9", "Attribute": [{"uuid": "514b40cc-0dbc-4609-87e2-1c60cdf63321", "object_relation": "p", "value": "91387240118863445106071198053588885363363462893351590255708574262573331462369", "type": "text", "disable_correlation": false, "to_ids": false, "category": "Other", "timestamp": "1574855609"}, {"uuid": "37187323-f1f8-45e4-98b8-73df05e6c3b1", "object_relation": "n", "value": "9961357810875523857836668593682610711118767990349499234924722873821786118023501077540736766143811215433064616471227009486388473917939128600582700244997851", "type": "text", "disable_correlation": true, "to_ids": false, "category": "Other", "timestamp": "1574855609"}, {"uuid": "12c2bb14-4da3-4005-bfae-0e5ffe6ebaaf", "object_relation": "rsa-modulus-size", "value": "512", "type": "text", "disable_correlation": true, "to_ids": false, "category": "Other", "timestamp": "1574855609"}, {"uuid": "a815e45b-7b85-4148-8af4-b831e0cd2caa", "object_relation": "type", "value": "RSA", "type": "text", "disable_correlation": true, "to_ids": false, "category": "Other", "timestamp": "1574855609"}], "distribution": "5", "sharing_group_id": "0"}, {"name": "x509", "meta-category": "network", "template_uuid": "d1ab756a-26b5-4349-9f43-765630f0911c", "description": "x509 object describing a X.509 certificate", "template_version": "11", "uuid": "b32c27d0-d08f-4018-b447-5a169dbaece0", "ObjectReference": [{"object_uuid": "b32c27d0-d08f-4018-b447-5a169dbaece0", "referenced_uuid": "e245b784-dcea-4c01-bb42-7245d08f11d9", "relationship_type": "uses"}], "Attribute": [{"uuid": "36efcf85-b526-4d42-8986-2670b67b7ea4", "object_relation": "x509-fingerprint-sha1", "value": "8aec3fb71f884bc3769c0c75bccd1ac7ab4415e8", "type": "x509-fingerprint-sha1", "disable_correlation": false, "to_ids": true, "category": "Network activity", "timestamp": "1574855610"}, {"uuid": "46a28485-907e-4078-9a18-c69da83704df", "object_relation": "subject", "value": "CN=SMB,O=TPLINK,L=SZ,ST=GZ,C=CN", "type": "text", "disable_correlation": false, "to_ids": false, "category": "Other", "timestamp": "1574855610"}, {"uuid": "4823f154-7e22-487f-9a9b-6ffb391a60d3", "object_relation": "issuer", "value": "CN=SMB,O=TPLINK,L=SZ,ST=GZ,C=CN", "type": "text", "disable_correlation": true, "to_ids": false, "category": "Other", "timestamp": "1574855610"}], "distribution": "5", "sharing_group_id": "0"}, {"name": "x509", "meta-category": "network", "template_uuid": "d1ab756a-26b5-4349-9f43-765630f0911c", "description": "x509 object describing a X.509 certificate", "template_version": "11", "uuid": "88c16876-8f45-4473-ac54-3d26f6e222b2", "ObjectReference": [{"object_uuid": "88c16876-8f45-4473-ac54-3d26f6e222b2", "referenced_uuid": "e245b784-dcea-4c01-bb42-7245d08f11d9", "relationship_type": "uses"}], "Attribute": [{"uuid": "573db569-4a0b-4414-a681-01cb12716dbb", "object_relation": "x509-fingerprint-sha1", "value": "250857b1522af4e3b22b8c39987a8afba704e69c", "type": "x509-fingerprint-sha1", "disable_correlation": false, "to_ids": true, "category": "Network activity", "timestamp": "1574855610"}, {"uuid": "2f9bf875-74dc-452c-8706-76957308ac65", "object_relation": "subject", "value": "CN=SMB,O=TPLINK,L=SZ,ST=GZ,C=CN", "type": "text", "disable_correlation": false, "to_ids": false, "category": "Other", "timestamp": "1574855610"}, {"uuid": "e540c5be-070d-4210-b6a5-6f52d9795ccb", "object_relation": "issuer", "value": "CN=SMB,O=TPLINK,L=SZ,ST=GZ,C=CN", "type": "text", "disable_correlation": true, "to_ids": false, "category": "Other", "timestamp": "1574855610"}], "distribution": "5", "sharing_group_id": "0"}], "info": "Snake-Oil-Crypto Daily output 2019-11-27", "threat_level_id": "3", "analysis": "0", "published": false, "date": "2019-11-27", "id": "169", "uuid": "e51c4c00-7257-4d77-9ab4-61b15c0e7c4d", "Orgc": {"name": "Snake-Oil-Organization", "uuid": "5d0bbcf9-3cd4-4d09-8a0c-5a3206b9c121"}}}