{"Event": {"Tag": [{"colour": "#ffffff", "name": "tlp:white"}, {"colour": "#ff00ff", "name": "d4-crypto-feed"}], "Object": [{"name": "crypto-material", "meta-category": "misc", "template_uuid": "50677f82-ec9c-4484-bb29-2519cfe56823", "description": "Cryptographic materials such as public or/and private keys.", "template_version": "3", "uuid": "4649e09e-d1b6-46ef-972c-5cf092df677b", "Attribute": [{"uuid": "610fcdd7-11cc-4717-b4cc-b46fd1cf0a49", "object_relation": "p", "value": "91267687622193202587704592086191922528305789328602297721316080655613146532529", "type": "text", "disable_correlation": false, "to_ids": false, "category": "Other", "timestamp": "1574856212"}, {"uuid": "b251082d-fc43-4ccd-936b-e170d21dfe36", "object_relation": "n", "value": "10379919018244628448949398576528515769277581218743717897066755541509589218200748758464531142239371402017050578776289269825272930712930727454112777704743361", "type": "text", "disable_correlation": true, "to_ids": false, "category": "Other", "timestamp": "1574856212"}, {"uuid": "e3d10107-8383-4354-a850-a130a2a96793", "object_relation": "rsa-modulus-size", "value": "512", "type": "text", "disable_correlation": true, "to_ids": false, "category": "Other", "timestamp": "1574856212"}, {"uuid": "3604f1d4-df8e-445e-b402-302118733a1a", "object_relation": "type", "value": "RSA", "type": "text", "disable_correlation": true, "to_ids": false, "category": "Other", "timestamp": "1574856212"}], "distribution": "5", "sharing_group_id": "0"}, {"name": "x509", "meta-category": "network", "template_uuid": "d1ab756a-26b5-4349-9f43-765630f0911c", "description": "x509 object describing a X.509 certificate", "template_version": "11", "uuid": "a07d8b0f-ac06-4934-974d-8896dddec19a", "ObjectReference": [{"object_uuid": "a07d8b0f-ac06-4934-974d-8896dddec19a", "referenced_uuid": "4649e09e-d1b6-46ef-972c-5cf092df677b", "relationship_type": "uses"}], "Attribute": [{"uuid": "6af87e50-df2c-4a4c-8b9d-660ff9210c44", "object_relation": "x509-fingerprint-sha1", "value": "25633040f8451561c8542f373b4af6b04fa16b53", "type": "x509-fingerprint-sha1", "disable_correlation": false, "to_ids": true, "category": "Network activity", "timestamp": "1574856213"}, {"uuid": "062a662c-b914-4307-bbc1-3386243e604a", "object_relation": "subject", "value": "CN=SMB,O=TPLINK,L=SZ,ST=GZ,C=CN", "type": "text", "disable_correlation": false, "to_ids": false, "category": "Other", "timestamp": "1574856213"}, {"uuid": "0312a2dc-95a0-460e-956b-78beb9230ab7", "object_relation": "issuer", "value": "CN=SMB,O=TPLINK,L=SZ,ST=GZ,C=CN", "type": "text", "disable_correlation": true, "to_ids": false, "category": "Other", "timestamp": "1574856213"}], "distribution": "5", "sharing_group_id": "0"}], "info": "Snake-Oil-Crypto Daily output 2019-11-27", "threat_level_id": "3", "analysis": "0", "published": false, "date": "2019-11-27", "id": "999", "uuid": "e685b922-a826-4769-b084-5bed2c5c1876", "Orgc": {"name": "Snake-Oil-Organization", "uuid": "5d0bbcf9-3cd4-4d09-8a0c-5a3206b9c121"}}}