{"Event": {"Tag": [{"colour": "#ffffff", "name": "tlp:white"}, {"colour": "#ff00ff", "name": "d4-crypto-feed"}], "Object": [{"name": "crypto-material", "meta-category": "misc", "template_uuid": "50677f82-ec9c-4484-bb29-2519cfe56823", "description": "Cryptographic materials such as public or/and private keys.", "template_version": "3", "uuid": "52bee41a-ed45-4a2e-9ebe-054612cb4361", "Attribute": [{"uuid": "cdc11997-6701-4e12-8840-730c27862605", "object_relation": "p", "value": "90924896298702698771725903498559957411556399065133882371920346648186304605219", "type": "text", "disable_correlation": false, "to_ids": false, "category": "Other", "timestamp": "1574856277"}, {"uuid": "3d4e42ff-cd63-4c29-a1fb-4c497fb47442", "object_relation": "n", "value": "9156218460636344453559674482330841958331532121153315973034891784764761572812941157556079063639423560920628805255480578698771467496175748850745179742738367", "type": "text", "disable_correlation": true, "to_ids": false, "category": "Other", "timestamp": "1574856277"}, {"uuid": "9cdcff63-05f6-442d-9aaa-a81529bfa1b3", "object_relation": "rsa-modulus-size", "value": "512", "type": "text", "disable_correlation": true, "to_ids": false, "category": "Other", "timestamp": "1574856277"}, {"uuid": "1d08e36d-2244-42bb-bddd-d83e8cdf0d01", "object_relation": "type", "value": "RSA", "type": "text", "disable_correlation": true, "to_ids": false, "category": "Other", "timestamp": "1574856277"}], "distribution": "5", "sharing_group_id": "0"}, {"name": "x509", "meta-category": "network", "template_uuid": "d1ab756a-26b5-4349-9f43-765630f0911c", "description": "x509 object describing a X.509 certificate", "template_version": "11", "uuid": "ff0558d2-741b-458a-b113-88d8d2c7c50c", "ObjectReference": [{"object_uuid": "ff0558d2-741b-458a-b113-88d8d2c7c50c", "referenced_uuid": "52bee41a-ed45-4a2e-9ebe-054612cb4361", "relationship_type": "uses"}], "Attribute": [{"uuid": "d96c263d-0ba5-4adb-97e3-9a4ca7e69c42", "object_relation": "x509-fingerprint-sha1", "value": "25e6120256bdfd9acd6528458263ac317bc3549f", "type": "x509-fingerprint-sha1", "disable_correlation": false, "to_ids": true, "category": "Network activity", "timestamp": "1574856277"}, {"uuid": "e40ebad9-d786-459c-a6d3-234632f6afe6", "object_relation": "subject", "value": "CN=SMB,O=TPLINK,L=SZ,ST=GZ,C=CN", "type": "text", "disable_correlation": false, "to_ids": false, "category": "Other", "timestamp": "1574856277"}, {"uuid": "e2ed6a60-8265-4ea7-82ae-95713adca983", "object_relation": "issuer", "value": "CN=SMB,O=TPLINK,L=SZ,ST=GZ,C=CN", "type": "text", "disable_correlation": true, "to_ids": false, "category": "Other", "timestamp": "1574856277"}], "distribution": "5", "sharing_group_id": "0"}], "info": "Snake-Oil-Crypto Daily output 2019-11-27", "threat_level_id": "3", "analysis": "0", "published": false, "date": "2019-11-27", "id": "1087", "uuid": "e9a75675-c0a2-44c5-9f6f-b9a6f94a6bbf", "Orgc": {"name": "Snake-Oil-Organization", "uuid": "5d0bbcf9-3cd4-4d09-8a0c-5a3206b9c121"}}}