{"Event": {"Tag": [{"colour": "#ffffff", "name": "tlp:white"}, {"colour": "#ff00ff", "name": "d4-crypto-feed"}], "Object": [{"name": "crypto-material", "meta-category": "misc", "template_uuid": "50677f82-ec9c-4484-bb29-2519cfe56823", "description": "Cryptographic materials such as public or/and private keys.", "template_version": "3", "uuid": "14b74c24-80a1-42a0-9b9e-d3b50c8c3fa3", "Attribute": [{"uuid": "c58d4b37-fc48-4eb3-a1b6-bb66892ae049", "object_relation": "p", "value": "98615608765985768792892710035291157799725865687091560455537989468236498491513", "type": "text", "disable_correlation": false, "to_ids": false, "category": "Other", "timestamp": "1574855603"}, {"uuid": "29cecc3e-d5b3-4ff3-9de6-32cc599af076", "object_relation": "n", "value": "8859998794333200828895933587351619408740782988733233966155309135050686693539345816134585804409864793408279202799240828367878056948521820265596344694230949", "type": "text", "disable_correlation": true, "to_ids": false, "category": "Other", "timestamp": "1574855603"}, {"uuid": "dfd5116b-7912-4b62-b227-72d6d04ae518", "object_relation": "rsa-modulus-size", "value": "512", "type": "text", "disable_correlation": true, "to_ids": false, "category": "Other", "timestamp": "1574855603"}, {"uuid": "de8032fc-ba99-438c-b50b-05426de59462", "object_relation": "type", "value": "RSA", "type": "text", "disable_correlation": true, "to_ids": false, "category": "Other", "timestamp": "1574855603"}], "distribution": "5", "sharing_group_id": "0"}, {"name": "x509", "meta-category": "network", "template_uuid": "d1ab756a-26b5-4349-9f43-765630f0911c", "description": "x509 object describing a X.509 certificate", "template_version": "11", "uuid": "36d752dd-cc20-46eb-9ce2-15406336fdd4", "ObjectReference": [{"object_uuid": "36d752dd-cc20-46eb-9ce2-15406336fdd4", "referenced_uuid": "14b74c24-80a1-42a0-9b9e-d3b50c8c3fa3", "relationship_type": "uses"}], "Attribute": [{"uuid": "f5b09c07-8b04-4616-b231-13882201c4da", "object_relation": "x509-fingerprint-sha1", "value": "8a6bf63c73822722d3da80a1602bb68384f035d5", "type": "x509-fingerprint-sha1", "disable_correlation": false, "to_ids": true, "category": "Network activity", "timestamp": "1574855604"}, {"uuid": "fe6ed2e4-1c6e-4075-819d-ac9a1ea251ef", "object_relation": "subject", "value": "CN=SMB,O=TPLINK,L=SZ,ST=GZ,C=CN", "type": "text", "disable_correlation": false, "to_ids": false, "category": "Other", "timestamp": "1574855604"}, {"uuid": "69055509-ba41-4857-80fb-5f714e50ceec", "object_relation": "issuer", "value": "CN=SMB,O=TPLINK,L=SZ,ST=GZ,C=CN", "type": "text", "disable_correlation": true, "to_ids": false, "category": "Other", "timestamp": "1574855604"}], "distribution": "5", "sharing_group_id": "0"}], "info": "Snake-Oil-Crypto Daily output 2019-11-27", "threat_level_id": "3", "analysis": "0", "published": false, "date": "2019-11-27", "id": "157", "uuid": "ef90c493-6921-445f-8aea-c962bd4e0eb7", "Orgc": {"name": "Snake-Oil-Organization", "uuid": "5d0bbcf9-3cd4-4d09-8a0c-5a3206b9c121"}}}