{"Event": {"Tag": [{"colour": "#ffffff", "name": "tlp:white"}, {"colour": "#ff00ff", "name": "d4-crypto-feed"}], "Object": [{"name": "crypto-material", "meta-category": "misc", "template_uuid": "50677f82-ec9c-4484-bb29-2519cfe56823", "description": "Cryptographic materials such as public or/and private keys.", "template_version": "3", "uuid": "89d24a2f-f26c-4ba6-886a-721763187040", "Attribute": [{"uuid": "97fa15b2-c99a-4ca2-a152-a611124e1809", "object_relation": "p", "value": "91267687622193202587704592086191922528305789328602297721316080655613146532529", "type": "text", "disable_correlation": false, "to_ids": false, "category": "Other", "timestamp": "1574855885"}, {"uuid": "98486a12-6c7d-4ad9-a8c0-29bb56329a6b", "object_relation": "n", "value": "9848879726889259851485647848760694991080329988166949281756354826895534992573669056432336520723082720082680172021139900900520808992024689678848279499613731", "type": "text", "disable_correlation": true, "to_ids": false, "category": "Other", "timestamp": "1574855885"}, {"uuid": "f8e9499e-82e2-4643-b52a-9bfa2c6267b5", "object_relation": "rsa-modulus-size", "value": "512", "type": "text", "disable_correlation": true, "to_ids": false, "category": "Other", "timestamp": "1574855885"}, {"uuid": "244f8d61-97f6-41bb-85ec-33f26206b9cb", "object_relation": "type", "value": "RSA", "type": "text", "disable_correlation": true, "to_ids": false, "category": "Other", "timestamp": "1574855885"}], "distribution": "5", "sharing_group_id": "0"}, {"name": "x509", "meta-category": "network", "template_uuid": "d1ab756a-26b5-4349-9f43-765630f0911c", "description": "x509 object describing a X.509 certificate", "template_version": "11", "uuid": "427c8b17-095a-4611-a56a-5e3f40b4c1e4", "ObjectReference": [{"object_uuid": "427c8b17-095a-4611-a56a-5e3f40b4c1e4", "referenced_uuid": "89d24a2f-f26c-4ba6-886a-721763187040", "relationship_type": "uses"}], "Attribute": [{"uuid": "8db70b12-8fd1-4dc9-ac0d-3337352c6dc2", "object_relation": "x509-fingerprint-sha1", "value": "8a8fdef4fbf6b91595ff57d4539b0c850cdba570", "type": "x509-fingerprint-sha1", "disable_correlation": false, "to_ids": true, "category": "Network activity", "timestamp": "1574855886"}, {"uuid": "729a9e37-753b-413e-8597-8475ca274bdc", "object_relation": "subject", "value": "CN=SMB,O=TPLINK,L=SZ,ST=GZ,C=CN", "type": "text", "disable_correlation": false, "to_ids": false, "category": "Other", "timestamp": "1574855886"}, {"uuid": "288e862b-7403-4aa5-9888-ac930bb582d4", "object_relation": "issuer", "value": "CN=SMB,O=TPLINK,L=SZ,ST=GZ,C=CN", "type": "text", "disable_correlation": true, "to_ids": false, "category": "Other", "timestamp": "1574855886"}], "distribution": "5", "sharing_group_id": "0"}], "info": "Snake-Oil-Crypto Daily output 2019-11-27", "threat_level_id": "3", "analysis": "0", "published": false, "date": "2019-11-27", "id": "595", "uuid": "f973d760-dbb2-4293-b800-aea4dbd73d73", "Orgc": {"name": "Snake-Oil-Organization", "uuid": "5d0bbcf9-3cd4-4d09-8a0c-5a3206b9c121"}}}