{"Event": {"Tag": [{"colour": "#ffffff", "name": "tlp:white"}, {"colour": "#ff00ff", "name": "d4-crypto-feed"}], "Object": [{"name": "crypto-material", "meta-category": "misc", "template_uuid": "50677f82-ec9c-4484-bb29-2519cfe56823", "description": "Cryptographic materials such as public or/and private keys.", "template_version": "3", "uuid": "8775b3b9-cb08-4a4e-8fd9-647f4ca68b71", "Attribute": [{"uuid": "4fa176ef-fb43-4f8c-8686-cf55662de877", "object_relation": "p", "value": "91267687622193202587704592086191922528305789328602297721316080655613146532529", "type": "text", "disable_correlation": false, "to_ids": false, "category": "Other", "timestamp": "1574855582"}, {"uuid": "1dae3e7e-6ea3-4a65-ac21-b2e1658ce6dc", "object_relation": "n", "value": "9609106773006886514482780135933941905224380471943837985709029463959426621590308664165951338761221574222979248893642763142492725137516123364644589744868037", "type": "text", "disable_correlation": true, "to_ids": false, "category": "Other", "timestamp": "1574855582"}, {"uuid": "0c9dff51-f689-45cd-a676-776f0e40fcb4", "object_relation": "rsa-modulus-size", "value": "512", "type": "text", "disable_correlation": true, "to_ids": false, "category": "Other", "timestamp": "1574855582"}, {"uuid": "95ae74b4-7886-4229-83ff-eb95a4b92128", "object_relation": "type", "value": "RSA", "type": "text", "disable_correlation": true, "to_ids": false, "category": "Other", "timestamp": "1574855582"}], "distribution": "5", "sharing_group_id": "0"}, {"name": "x509", "meta-category": "network", "template_uuid": "d1ab756a-26b5-4349-9f43-765630f0911c", "description": "x509 object describing a X.509 certificate", "template_version": "11", "uuid": "d6831be8-4905-422f-b788-33da22163477", "ObjectReference": [{"object_uuid": "d6831be8-4905-422f-b788-33da22163477", "referenced_uuid": "8775b3b9-cb08-4a4e-8fd9-647f4ca68b71", "relationship_type": "uses"}], "Attribute": [{"uuid": "bcbcf78b-a8dd-4e04-ab35-b88bb3572477", "object_relation": "x509-fingerprint-sha1", "value": "f13964216fadc437a62a419b7b9c56bcbf9815fe", "type": "x509-fingerprint-sha1", "disable_correlation": false, "to_ids": true, "category": "Network activity", "timestamp": "1574855583"}, {"uuid": "86b72af5-483a-4467-86a9-17fb001a7922", "object_relation": "subject", "value": "CN=SMB,O=TPLINK,L=SZ,ST=GZ,C=CN", "type": "text", "disable_correlation": false, "to_ids": false, "category": "Other", "timestamp": "1574855583"}, {"uuid": "8125f3c9-bc83-4ce2-923c-f71ab400002d", "object_relation": "issuer", "value": "CN=SMB,O=TPLINK,L=SZ,ST=GZ,C=CN", "type": "text", "disable_correlation": true, "to_ids": false, "category": "Other", "timestamp": "1574855583"}], "distribution": "5", "sharing_group_id": "0"}], "info": "Snake-Oil-Crypto Daily output 2019-11-27", "threat_level_id": "3", "analysis": "0", "published": false, "date": "2019-11-27", "id": "108", "uuid": "fab7d4b7-2ecd-4c4c-bbb9-7fff9fedf691", "Orgc": {"name": "Snake-Oil-Organization", "uuid": "5d0bbcf9-3cd4-4d09-8a0c-5a3206b9c121"}}}