{"Event": {"Tag": [{"colour": "#ffffff", "name": "tlp:white"}, {"colour": "#ff00ff", "name": "d4-crypto-feed"}], "Object": [{"name": "crypto-material", "meta-category": "misc", "template_uuid": "50677f82-ec9c-4484-bb29-2519cfe56823", "description": "Cryptographic materials such as public or/and private keys.", "template_version": "3", "uuid": "27ec3410-c74f-49d8-a664-0df674e915fc", "Attribute": [{"uuid": "ba03da67-2bc3-4cad-bcf4-624f464b8122", "object_relation": "p", "value": "91267687622193202587704592086191922528305789328602297721316080655613146532529", "type": "text", "disable_correlation": false, "to_ids": false, "category": "Other", "timestamp": "1574855668"}, {"uuid": "3e1787af-037d-453a-a593-1c7cc0f802df", "object_relation": "n", "value": "8146546056828990336519538016226540628616535778356316967818508071811938581859982388869410078254417249349823410359446139847878842875717925494228466120231323", "type": "text", "disable_correlation": true, "to_ids": false, "category": "Other", "timestamp": "1574855668"}, {"uuid": "42c6f6cb-f7b5-4903-a04a-97491a55281e", "object_relation": "rsa-modulus-size", "value": "512", "type": "text", "disable_correlation": true, "to_ids": false, "category": "Other", "timestamp": "1574855668"}, {"uuid": "3be817a6-5286-4a1b-91c4-22c47248e55c", "object_relation": "type", "value": "RSA", "type": "text", "disable_correlation": true, "to_ids": false, "category": "Other", "timestamp": "1574855668"}], "distribution": "5", "sharing_group_id": "0"}, {"name": "x509", "meta-category": "network", "template_uuid": "d1ab756a-26b5-4349-9f43-765630f0911c", "description": "x509 object describing a X.509 certificate", "template_version": "11", "uuid": "911e4806-93ae-4dc3-9eda-df91bbe48d33", "ObjectReference": [{"object_uuid": "911e4806-93ae-4dc3-9eda-df91bbe48d33", "referenced_uuid": "27ec3410-c74f-49d8-a664-0df674e915fc", "relationship_type": "uses"}], "Attribute": [{"uuid": "803c3925-85eb-4b62-be53-a38451d1892b", "object_relation": "x509-fingerprint-sha1", "value": "109454cf6962923642c5c8340b1b2ae8dd02af74", "type": "x509-fingerprint-sha1", "disable_correlation": false, "to_ids": true, "category": "Network activity", "timestamp": "1574855668"}, {"uuid": "0dba9b93-7967-4275-b402-a09cb3688744", "object_relation": "subject", "value": "CN=SMB,O=TPLINK,L=SZ,ST=GZ,C=CN", "type": "text", "disable_correlation": false, "to_ids": false, "category": "Other", "timestamp": "1574855668"}, {"uuid": "04cb9fae-12e2-442a-b40c-ed4b3186b120", "object_relation": "issuer", "value": "CN=SMB,O=TPLINK,L=SZ,ST=GZ,C=CN", "type": "text", "disable_correlation": true, "to_ids": false, "category": "Other", "timestamp": "1574855668"}], "distribution": "5", "sharing_group_id": "0"}], "info": "Snake-Oil-Crypto Daily output 2019-11-27", "threat_level_id": "3", "analysis": "0", "published": false, "date": "2019-11-27", "id": "282", "uuid": "fd415072-5de8-444d-aa21-946d9bf4c215", "Orgc": {"name": "Snake-Oil-Organization", "uuid": "5d0bbcf9-3cd4-4d09-8a0c-5a3206b9c121"}}}